benchmark,model,sample_id,n_units,keep_ratio,spearman_pre_post,kendall_pre_post,jaccard_topk,mean_edge_pre_keep_post_drop,mean_edge_post_keep_pre_drop,frac_high_edge_pre_keep_post_drop,frac_high_edge_post_keep_pre_drop,rank_shift_edge_rho,unit_grid_h,unit_grid_w
textvqa,Qwen/Qwen3-VL-8B-Instruct,35066,576,0.25,0.4032788913169066,0.2741062801932367,0.3333333333333333,0.4792239505849365,0.23663209216041045,0.7916666666666666,0.4305555555555556,0.3293609806275393,64,36
textvqa,Qwen/Qwen3-VL-8B-Instruct,34965,864,0.25,0.3705667297258701,0.25390609283516097,0.2594752186588921,0.31768895081413073,0.18460191737889775,0.7637795275590551,0.4881889763779528,0.23522768996165846,64,54
textvqa,Qwen/Qwen3-VL-8B-Instruct,34738,768,0.25,0.06147421556975567,0.04141541720990873,0.14626865671641792,0.3071058195579302,0.20812856585725203,0.7622377622377622,0.46853146853146854,0.21574085689136444,48,64
textvqa,Qwen/Qwen3-VL-8B-Instruct,34982,672,0.25,0.543347973202719,0.37551091013618293,0.3125,0.28414692741353065,0.18772578341039745,0.7159090909090909,0.6818181818181818,0.06808311658155768,42,64
textvqa,Qwen/Qwen3-VL-8B-Instruct,34879,672,0.25,0.4343278892798845,0.30066687217728866,0.27756653992395436,0.2912233643233776,0.2116779369155043,0.7052631578947368,0.5578947368421052,0.06293756158779074,64,42
textvqa,Qwen/Qwen3-VL-8B-Instruct,35000,576,0.25,0.1575043955491925,0.10565217391304346,0.1383399209486166,0.5051157908223638,0.2663344829044211,0.8073394495412844,0.3944954128440367,0.3861476505803164,48,48
textvqa,Qwen/Qwen3-VL-8B-Instruct,34690,768,0.25,0.35692161567961916,0.2432094741416775,0.2972972972972973,0.12742362378272587,0.10493584085578242,0.5961538461538461,0.5673076923076923,0.004159059257390354,48,64
textvqa,Qwen/Qwen3-VL-8B-Instruct,34826,672,0.25,0.35559137399903085,0.2423227643598597,0.24444444444444444,0.2987981446306495,0.19239551654341175,0.696078431372549,0.4411764705882353,0.1634608087125398,42,64
textvqa,Qwen/Qwen3-VL-8B-Instruct,34619,672,0.25,0.23670616950340723,0.15239337165566674,0.1506849315068493,0.2797100216210369,0.22335448889662662,0.6854838709677419,0.6129032258064516,0.007604404488263719,42,64
textvqa,Qwen/Qwen3-VL-8B-Instruct,34844,736,0.25,0.021013118243580837,0.015734989648033125,0.10510510510510511,0.5361683651704916,0.19729261909105233,0.9060402684563759,0.4429530201342282,0.3543339779411276,64,46
textvqa,Qwen/Qwen3-VL-8B-Instruct,35117,896,0.25,0.4081698405432313,0.28450718276137277,0.34534534534534533,0.17464537552874024,0.14294683367629116,0.7522935779816514,0.5412844036697247,0.18333929180522776,64,56
textvqa,Qwen/Qwen3-VL-8B-Instruct,34626,768,0.25,0.38056610309364,0.2512969904389396,0.28859060402684567,0.19940438234018829,0.12638605965898847,0.7358490566037735,0.5566037735849056,0.18832841136824785,48,64
textvqa,Qwen/Qwen3-VL-8B-Instruct,34645,480,0.25,0.24376310227040912,0.16341336116910227,0.23076923076923078,0.45671586761871974,0.335963749786218,0.6133333333333333,0.5466666666666666,0.08446976737926228,64,30
textvqa,Qwen/Qwen3-VL-8B-Instruct,34818,672,0.25,0.4529140901482753,0.3145003903200625,0.3125,0.3797208013526291,0.31465205413670366,0.6477272727272727,0.5681818181818182,0.05778733806570374,42,64
textvqa,Qwen/Qwen3-VL-8B-Instruct,34664,800,0.25,0.21971256205087825,0.15051939924906135,0.2345679012345679,0.26547415004742725,0.13431393307062886,0.9112903225806451,0.532258064516129,0.2663362591557298,50,64
textvqa,Qwen/Qwen3-VL-8B-Instruct,34888,512,0.25,0.2990182719927673,0.20483732876712332,0.23671497584541062,0.3840492705378351,0.2693550649417352,0.6835443037974683,0.45569620253164556,0.2087723940834484,32,64
textvqa,Qwen/Qwen3-VL-8B-Instruct,34956,768,0.25,0.52071720562779,0.3609028683181225,0.39636363636363636,0.15199760334139847,0.0942978658320674,0.7590361445783133,0.6746987951807228,0.046300435713109704,48,64
textvqa,Qwen/Qwen3-VL-8B-Instruct,34674,768,0.25,0.23119099395072756,0.152481258148631,0.13274336283185842,0.3021200174579815,0.0946072509677029,0.9931972789115646,0.4557823129251701,0.4856373195397884,48,64
textvqa,Qwen/Qwen3-VL-8B-Instruct,34754,672,0.25,0.44222095226284924,0.30302143211979277,0.3023255813953488,0.22443334919710953,0.14588385902914322,0.7444444444444445,0.5111111111111111,0.11442641150356354,42,64
textvqa,Qwen/Qwen3-VL-8B-Instruct,34863,768,0.25,0.41448795867573823,0.2868657648848327,0.2631578947368421,0.4407062526318311,0.3084360901557375,0.75,0.5178571428571429,0.26717132961455087,48,64
textvqa,Qwen/Qwen3-VL-8B-Instruct,34983,864,0.25,0.45116139052803056,0.3093536758079053,0.2668621700879765,0.29409035750055046,0.17031063359297696,0.696,0.504,0.14273496221579612,54,64
textvqa,Qwen/Qwen3-VL-8B-Instruct,34737,768,0.25,0.41089320970019816,0.28408164928292046,0.2972972972972973,0.351336538805089,0.23151431831781968,0.7115384615384616,0.5384615384615384,0.08834138058555449,48,64
textvqa,Qwen/Qwen3-VL-8B-Instruct,34923,672,0.25,0.15666834142999997,0.10712978836204659,0.16262975778546712,0.3109128738422532,0.14247368939590355,0.7520661157024794,0.5950413223140496,0.23806826046223897,64,42
textvqa,Qwen/Qwen3-VL-8B-Instruct,35061,672,0.25,0.25127025375180195,0.17284969129231426,0.21739130434782608,0.12063729354283875,0.0879466559186026,0.7685185185185185,0.5462962962962963,0.04587436205739581,42,64
textvqa,Qwen/Qwen3-VL-8B-Instruct,34786,1024,0.25,0.38049657794506825,0.26155455767350927,0.2736318407960199,0.18536769128366684,0.15277710419837132,0.5821917808219178,0.547945205479452,0.053152663475047615,64,64
textvqa,Qwen/Qwen3-VL-8B-Instruct,34750,672,0.25,0.46342457690897515,0.32448903555460934,0.3603238866396761,0.1261281389153645,0.09733831386164396,0.6962025316455697,0.6708860759493671,0.03124891255133877,42,64
textvqa,Qwen/Qwen3-VL-8B-Instruct,34932,672,0.25,0.4357506577654923,0.2986924277907884,0.344,0.2966582349887708,0.25699764372008604,0.5853658536585366,0.43902439024390244,0.11022522034819665,42,64
textvqa,Qwen/Qwen3-VL-8B-Instruct,35073,768,0.25,0.4246403688055569,0.29489895697522817,0.328719723183391,0.20898889402157514,0.1579800843782951,0.6082474226804123,0.5360824742268041,0.08839744600455557,48,64
textvqa,Qwen/Qwen3-VL-8B-Instruct,35148,576,0.25,0.38256860796989384,0.26294161516308007,0.2576419213973799,0.2526551229112289,0.12039619855144444,0.8588235294117647,0.4823529411764706,0.3557061908223679,36,64
textvqa,Qwen/Qwen3-VL-8B-Instruct,35050,1024,0.25,0.35039791726271363,0.23923967497556206,0.26732673267326734,0.1889904027627098,0.10980498687619016,0.5135135135135135,0.5608108108108109,0.013283328872155269,64,64
textvqa,Qwen/Qwen3-VL-8B-Instruct,34783,736,0.25,-0.010123326659434937,-0.008673469387755102,0.06358381502890173,0.4652892268341132,0.3005581616471823,0.8209876543209876,0.6049382716049383,0.2960059585176006,46,64
textvqa,Qwen/Qwen3-VL-8B-Instruct,34776,768,0.25,0.2734108897923614,0.1849399717514124,0.2,0.13880030295695178,0.11362269381061196,0.6796875,0.5078125,0.12955323280694905,48,64
textvqa,Qwen/Qwen3-VL-8B-Instruct,34722,768,0.25,0.47029747165675123,0.3239963602781399,0.2757475083056478,0.14207857105573382,0.09676328800413586,0.7431192660550459,0.5229357798165137,0.2515083120573037,48,64
textvqa,Qwen/Qwen3-VL-8B-Instruct,35145,576,0.25,0.42563283349659664,0.29265700483091783,0.2576419213973799,0.21235469110748348,0.17774950322859429,0.5411764705882353,0.6352941176470588,0.05245707626778452,36,64
textvqa,Qwen/Qwen3-VL-8B-Instruct,35162,896,0.25,0.34156427583832244,0.23831304868316044,0.23756906077348067,0.3339018644630045,0.2121045055353771,0.8333333333333334,0.5579710144927537,0.20066408163348312,56,64
textvqa,Qwen/Qwen3-VL-8B-Instruct,35017,768,0.25,0.5162155638216889,0.3566655801825293,0.250814332247557,0.20488992372284764,0.10018828969610774,0.7739130434782608,0.6434782608695652,0.1577734389783452,48,64
textvqa,Qwen/Qwen3-VL-8B-Instruct,35170,1024,0.25,0.3234618531496479,0.22066896981636724,0.21040189125295508,0.21489695342491844,0.14742800951963234,0.688622754491018,0.47305389221556887,0.14386631219414453,64,64
textvqa,Qwen/Qwen3-VL-8B-Instruct,35152,672,0.25,0.34030034286827376,0.23399296091747476,0.20430107526881722,0.4891244673866544,0.22329236984018003,0.8558558558558559,0.46846846846846846,0.3748640379980352,42,64
textvqa,Qwen/Qwen3-VL-8B-Instruct,35070,768,0.25,0.27521153591840264,0.18517764015645372,0.24675324675324675,0.08682898950472259,0.07777358250690479,0.6637931034482759,0.6293103448275862,0.044304096373297,64,48
textvqa,Qwen/Qwen3-VL-8B-Instruct,34905,768,0.25,0.3839543812296231,0.26406996957844414,0.2549019607843137,0.31204655152141003,0.31154107906970013,0.5526315789473685,0.543859649122807,0.0433687813091709,48,64
textvqa,Qwen/Qwen3-VL-8B-Instruct,34967,768,0.25,0.37748806103695515,0.25452249022164275,0.2549019607843137,0.20432613810458988,0.2051615095005489,0.6842105263157895,0.5789473684210527,0.060208566782096594,48,64
textvqa,Qwen/Qwen3-VL-8B-Instruct,35134,768,0.25,0.1900915613667151,0.1276007714037375,0.20376175548589343,0.42586335041156903,0.31226033793659663,0.7086614173228346,0.4251968503937008,0.19511957251642187,48,64
textvqa,Qwen/Qwen3-VL-8B-Instruct,35155,704,0.25,0.13260099022976965,0.09177389111599639,0.1503267973856209,0.5097397291889557,0.17314461475381485,0.9153846153846154,0.35384615384615387,0.48296581724620224,44,64
textvqa,Qwen/Qwen3-VL-8B-Instruct,34778,640,0.25,0.3017328686105191,0.20529147104851328,0.2260536398467433,0.2337016695649317,0.1395515806161531,0.8118811881188119,0.5445544554455446,0.20066590874410364,40,64
textvqa,Qwen/Qwen3-VL-8B-Instruct,35183,1024,0.25,0.46114092339603746,0.31730358015640275,0.30612244897959184,0.14681287608040935,0.16393900262739727,0.49264705882352944,0.75,-0.16099313162293596,64,64
textvqa,Qwen/Qwen3-VL-8B-Instruct,35080,672,0.25,0.4139598131145643,0.2868231495280676,0.3125,0.24165899328231302,0.1424618227439086,0.6477272727272727,0.38636363636363635,0.1423287640315415,42,64
textvqa,Qwen/Qwen3-VL-8B-Instruct,34728,704,0.25,0.49503805189695455,0.34339034010086644,0.31343283582089554,0.29187808430794143,0.24101188197812956,0.5869565217391305,0.5,0.09755780057893944,44,64
textvqa,Qwen/Qwen3-VL-8B-Instruct,34837,672,0.25,0.40971787024755146,0.27573451139024907,0.23529411764705882,0.2294428379346545,0.14073605253361166,0.6923076923076923,0.6057692307692307,0.06597928099496143,42,64
textvqa,Qwen/Qwen3-VL-8B-Instruct,34804,672,0.25,0.46705687864372974,0.32204953516428925,0.344,0.10258182936643319,0.04877120507426742,0.7073170731707317,0.524390243902439,0.16122160537422595,42,64
textvqa,Qwen/Qwen3-VL-8B-Instruct,34758,1024,0.25,0.17577312513411056,0.11669492302052786,0.1583710407239819,0.49456809553247627,0.3903547013879463,0.8494623655913979,0.5967741935483871,0.15627452375638026,64,64
textvqa,Qwen/Qwen3-VL-8B-Instruct,34719,768,0.25,0.3938038667956319,0.26842269665362883,0.24675324675324675,0.271587280962006,0.25415928334254645,0.603448275862069,0.5172413793103449,0.011921159648819667,48,64
textvqa,Qwen/Qwen3-VL-8B-Instruct,35109,672,0.25,0.29254814254996947,0.20131644311972183,0.23529411764705882,0.3612633236827186,0.4023000596162791,0.5576923076923077,0.625,-0.12886864898301614,64,42
textvqa,Qwen/Qwen3-VL-8B-Instruct,34920,768,0.25,0.4141235220142314,0.2823364841373316,0.29292929292929293,0.31813278253678057,0.18636231281062854,0.7428571428571429,0.5523809523809524,0.17970954507820638,48,64
textvqa,Qwen/Qwen3-VL-8B-Instruct,34632,672,0.25,0.23876112317273746,0.16054573841459088,0.16666666666666666,0.2856756049518784,0.10251618716865778,0.7916666666666666,0.43333333333333335,0.24287603028764687,64,42
textvqa,Qwen/Qwen3-VL-8B-Instruct,34717,640,0.25,0.11611277127141424,0.07864827856025039,0.10726643598615918,0.4601195013338281,0.3907279436902482,0.627906976744186,0.49612403100775193,0.166884664528089,64,40
textvqa,Qwen/Qwen3-VL-8B-Instruct,34939,1024,0.25,0.39024997203305484,0.26818169234732053,0.3368146214099217,0.15884148729341765,0.052319251916133645,0.7480314960629921,0.6062992125984252,0.05046085288104241,64,64
textvqa,Qwen/Qwen3-VL-8B-Instruct,34796,768,0.25,0.2567125540204434,0.17380350934376357,0.2,0.2550465926178731,0.2113436607469339,0.8203125,0.6484375,0.12394125538911992,48,64
textvqa,Qwen/Qwen3-VL-8B-Instruct,34799,576,0.25,0.39697115263858535,0.27109903381642514,0.2413793103448276,0.2871020052751357,0.3020767175634815,0.5454545454545454,0.5795454545454546,-0.027163360253518377,36,64
textvqa,Qwen/Qwen3-VL-8B-Instruct,34985,768,0.25,0.13913829869299774,0.0934172642329422,0.15315315315315314,0.20692294965504754,0.07807705059304093,0.9929078014184397,0.3333333333333333,0.554687110758996,64,48
textvqa,Qwen/Qwen3-VL-8B-Instruct,35004,672,0.25,0.3839340877377075,0.261070896316798,0.1872791519434629,0.24283869611504286,0.1563875212698527,0.8434782608695652,0.5304347826086957,0.17885463299122903,42,64
textvqa,Qwen/Qwen3-VL-8B-Instruct,34885,768,0.25,0.3437875377443742,0.22801906779661016,0.2757475083056478,0.3043667915695851,0.1160573981394735,0.926605504587156,0.3577981651376147,0.19422664942473047,48,64
textvqa,Qwen/Qwen3-VL-8B-Instruct,34702,768,0.25,0.2391710627595058,0.16100336810082572,0.16363636363636364,0.2243997604329733,0.15843814857088137,0.7028985507246377,0.5289855072463768,0.16359045390389493,48,64
textvqa,Qwen/Qwen3-VL-8B-Instruct,34604,1024,0.25,0.2619636582683642,0.1817761791300098,0.20470588235294118,0.18169255370615855,0.12742494296326617,0.7751479289940828,0.5207100591715976,0.17447753425800766,64,64
textvqa,Qwen/Qwen3-VL-8B-Instruct,35049,1024,0.25,0.35039791726271363,0.23923967497556206,0.26732673267326734,0.1889904027627098,0.10980498687619016,0.5135135135135135,0.5608108108108109,0.013283328872155269,64,64
docvqa,Qwen/Qwen3-VL-8B-Instruct,49392,1326,0.25,0.05781708491131184,0.04005580127824507,0.11784511784511785,0.5124539381447639,0.13230234736804175,1.0,0.3969465648854962,0.5342617236206594,102,52
docvqa,Qwen/Qwen3-VL-8B-Instruct,57826,3864,0.25,-0.007246597261778371,-0.0026867421094705006,0.07512520868113523,1.1416405659935536,0.1737928313871511,1.0,0.4091456077015644,0.6270462414117441,112,138
docvqa,Qwen/Qwen3-VL-8B-Instruct,32894,6767,0.25,0.22092224035007008,0.14720189216187116,0.23413566739606126,0.3294869735386081,0.041296745597196385,0.8609523809523809,0.5133333333333333,0.19816447911377683,134,202
docvqa,Qwen/Qwen3-VL-8B-Instruct,283,3657,0.25,-0.08817255942294555,-0.05373931122905323,0.08422301304863583,0.9937835209496281,0.053002004212911284,1.0,0.23575129533678757,0.6983358889776684,138,106
docvqa,Qwen/Qwen3-VL-8B-Instruct,25386,4032,0.25,-0.03493066559163824,-0.023186623115300866,0.11751662971175167,0.5306543497059812,0.1349424450387991,1.0,0.2663316582914573,0.6095745532564923,144,112
docvqa,Qwen/Qwen3-VL-8B-Instruct,41828,3850,0.25,0.35886933090442147,0.24388323119064417,0.271645736946464,0.7847142075399738,0.13525333176202317,0.9782214156079855,0.4192377495462795,0.4678047160379742,140,110
docvqa,Qwen/Qwen3-VL-8B-Instruct,57372,3796,0.25,-0.12632214156888089,-0.07624172799145895,0.05915178571428571,0.8020197136564046,0.06988649252884482,1.0,0.3926453143534994,0.6635410195814562,146,104
docvqa,Qwen/Qwen3-VL-8B-Instruct,58445,3976,0.25,0.3160305569331466,0.20806170355466128,0.26947637292464877,0.20726007928785223,0.08950272179208696,0.8636363636363636,0.5332167832167832,0.19350950704561454,142,112
docvqa,Qwen/Qwen3-VL-8B-Instruct,32878,4032,0.25,0.22673538447277522,0.15165442471481125,0.21081081081081082,0.28602789472533413,0.08053741106746472,0.8401826484018264,0.6149162861491628,0.12263961319105159,144,112
docvqa,Qwen/Qwen3-VL-8B-Instruct,1022,3710,0.25,0.06505634359333165,0.04089652420386153,0.1021377672209026,0.9319218040971213,0.06512511744202348,1.0,0.2804232804232804,0.5602852483888351,140,106
docvqa,Qwen/Qwen3-VL-8B-Instruct,16839,3657,0.25,0.03844144625514814,0.02518371179157869,0.12561576354679804,1.2268151984248363,0.9778438844660882,0.45774647887323944,0.4732394366197183,0.33198298978752044,138,106
docvqa,Qwen/Qwen3-VL-8B-Instruct,16463,3551,0.25,0.2987266788090842,0.20182288764209294,0.2786177105831533,0.57413305031888,0.09766354930949517,0.9181636726546906,0.30538922155688625,0.36530385190587217,106,134
docvqa,Qwen/Qwen3-VL-8B-Instruct,57417,3975,0.25,-0.08711287238301658,-0.05530768649828129,0.06026666666666667,0.7360813776697122,0.04487288185010139,1.0,0.492622020431328,0.44637792722147457,150,106
docvqa,Qwen/Qwen3-VL-8B-Instruct,16429,3657,0.25,0.44919930268436725,0.31300965819720483,0.37547027840481567,0.5206175222134302,0.08727899507835812,0.8771084337349397,0.27228915662650605,0.4381961000511397,138,106
docvqa,Qwen/Qwen3-VL-8B-Instruct,57822,3864,0.25,-0.007246597261778371,-0.0026867421094705006,0.07512520868113523,1.1416405659935536,0.1737928313871511,1.0,0.4091456077015644,0.6270462414117441,112,138
docvqa,Qwen/Qwen3-VL-8B-Instruct,41799,3657,0.25,0.3470709077880283,0.23413856211848855,0.3029223093371347,0.501882261413528,0.035777369207922315,0.852760736196319,0.1390593047034765,0.3766054510406396,138,106
docvqa,Qwen/Qwen3-VL-8B-Instruct,58334,3710,0.25,0.4160593965690595,0.28862315344932915,0.35871156661786235,0.6076638422395819,0.19158608279552497,0.8287671232876712,0.3995433789954338,0.44148173014728825,140,106
docvqa,Qwen/Qwen3-VL-8B-Instruct,58303,3657,0.25,0.29058389732638296,0.19878910886083295,0.3362573099415205,0.49609334270641264,0.040451057207573714,0.8149779735682819,0.09030837004405286,0.37860261642012216,106,138
docvqa,Qwen/Qwen3-VL-8B-Instruct,58439,3780,0.25,-0.06714488236233734,-0.03950809461674761,0.07938320959451742,0.9518238962731941,0.03363621667370942,1.0,0.18238213399503722,0.6918751136041705,140,108
docvqa,Qwen/Qwen3-VL-8B-Instruct,60407,3604,0.25,0.2153493508553678,0.1412718225229832,0.24965325936199723,0.4097152646290868,0.002330149557305429,0.8909426987060998,0.08687615526802218,0.4089016605310886,136,106
docvqa,Qwen/Qwen3-VL-8B-Instruct,49323,3905,0.25,0.39887578431176274,0.2735106233017931,0.2634304207119741,0.44598411921876596,0.19046293832819994,0.9859402460456942,0.48154657293497366,0.3255765894524039,110,142
docvqa,Qwen/Qwen3-VL-8B-Instruct,49396,1375,0.25,0.08537222688959258,0.059279608310175994,0.11507293354943274,0.6363901492385637,0.16104877505437795,0.9926739926739927,0.5457875457875457,0.4281950484390584,110,50
docvqa,Qwen/Qwen3-VL-8B-Instruct,1014,3710,0.25,0.06505634359333165,0.04089652420386153,0.1021377672209026,0.9319218040971213,0.06512511744202348,1.0,0.2804232804232804,0.5602852483888351,140,106
docvqa,Qwen/Qwen3-VL-8B-Instruct,57805,1265,0.25,0.11899379146208067,0.07693750938109772,0.10296684118673648,0.503923504037152,0.285883701823159,0.9649805447470817,0.4669260700389105,0.3768687020869595,46,110
docvqa,Qwen/Qwen3-VL-8B-Instruct,58374,3657,0.25,-0.1048433235839594,-0.06597625981947201,0.08165680473372781,0.9558685583820969,0.047551476443501446,1.0,0.17783505154639176,0.6806496531649481,138,106
docvqa,Qwen/Qwen3-VL-8B-Instruct,57841,3763,0.25,0.09105902179819078,0.06085075977976063,0.1610117211597779,0.7196707541075097,0.057324903840077136,0.9926470588235294,0.3073529411764706,0.524949817640583,142,106
docvqa,Qwen/Qwen3-VL-8B-Instruct,892,3400,0.25,-0.17175714179230675,-0.10894521034650671,0.046798029556650245,0.9091735947540256,0.5201641865826409,0.9844961240310077,0.4444444444444444,0.4570433154230767,136,100
docvqa,Qwen/Qwen3-VL-8B-Instruct,58312,16240,0.25,0.33506525363395473,0.22780484309318194,0.3000320204931156,0.24129496035928197,0.0003701052899525244,0.5361390667886551,0.0022872827081427266,0.32138793531376464,224,290
docvqa,Qwen/Qwen3-VL-8B-Instruct,60401,3604,0.25,0.05640493762170333,0.03620920049952266,0.18163934426229508,0.6048586108805373,0.017874863394787062,0.9983974358974359,0.39903846153846156,0.4376889273700982,136,106
docvqa,Qwen/Qwen3-VL-8B-Instruct,57820,3864,0.25,-0.007246597261778371,-0.0026867421094705006,0.07512520868113523,1.1416405659935536,0.1737928313871511,1.0,0.4091456077015644,0.6270462414117441,112,138
docvqa,Qwen/Qwen3-VL-8B-Instruct,17005,3726,0.25,0.07521793782297559,0.050880913011055996,0.1331306990881459,0.944308417019804,0.017882561222002928,1.0,0.23842917251051893,0.5953643517285613,138,108
docvqa,Qwen/Qwen3-VL-8B-Instruct,49297,3905,0.25,0.16001986875985852,0.10901220967919038,0.13819241982507288,0.42539034938094417,0.13690381691978895,0.9986468200270636,0.476319350473613,0.43835495906471605,142,110
docvqa,Qwen/Qwen3-VL-8B-Instruct,25708,3976,0.25,0.23752917048323927,0.15683069932121682,0.22188076213890595,0.34065595857716663,0.07552407571154324,0.8767772511848341,0.5860979462875198,0.2211540189112022,142,112
docvqa,Qwen/Qwen3-VL-8B-Instruct,58020,3816,0.25,0.2446315695469779,0.16621720127632758,0.23255813953488372,0.6037708744745847,0.055083368225799255,0.9158249158249159,0.15993265993265993,0.43790894593992336,106,144
docvqa,Qwen/Qwen3-VL-8B-Instruct,41695,3657,0.25,0.07504490064632761,0.05072853457631606,0.1971185330713818,0.3622894853592408,0.34994477884985237,0.6280587275693311,0.2969004893964111,0.11567096072604145,138,106
docvqa,Qwen/Qwen3-VL-8B-Instruct,57807,1265,0.25,0.11899379146208067,0.07693750938109772,0.10296684118673648,0.503923504037152,0.285883701823159,0.9649805447470817,0.4669260700389105,0.3768687020869595,46,110
docvqa,Qwen/Qwen3-VL-8B-Instruct,305,3300,0.25,0.2940001871353374,0.20135414784591815,0.24153498871331827,0.8579712522205516,0.12244414627856973,0.9880952380952381,0.35119047619047616,0.41779510343824905,100,132
docvqa,Qwen/Qwen3-VL-8B-Instruct,58268,4503,0.25,0.09286366499438152,0.06228594466110087,0.14722363728986246,0.8128859703534749,0.13314640716290801,1.0,0.44802867383512546,0.5341063942807364,158,114
docvqa,Qwen/Qwen3-VL-8B-Instruct,678,3468,0.25,0.11271138664521287,0.07725252639506397,0.19339298004129388,0.6482167205209196,0.0303540755241204,0.9641638225255973,0.1348122866894198,0.46630255511814855,136,102
docvqa,Qwen/Qwen3-VL-8B-Instruct,1015,3710,0.25,0.06505634359333165,0.04089652420386153,0.1021377672209026,0.9319218040971213,0.06512511744202348,1.0,0.2804232804232804,0.5602852483888351,140,106
docvqa,Qwen/Qwen3-VL-8B-Instruct,32896,3976,0.25,0.2208106002982867,0.14742761235860713,0.18052256532066507,0.3140862413823767,0.052708740730641704,0.9739130434782609,0.5333333333333333,0.34198247584519365,142,112
docvqa,Qwen/Qwen3-VL-8B-Instruct,58302,3657,0.25,0.29058389732638296,0.19878910886083295,0.3362573099415205,0.49609334270641264,0.040451057207573714,0.8149779735682819,0.09030837004405286,0.37860261642012216,106,138
docvqa,Qwen/Qwen3-VL-8B-Instruct,16568,3726,0.25,0.017857972043784948,0.014559760691946037,0.09711595055915244,0.9171819741676186,0.047177984385516576,1.0,0.20208604954367665,0.638925224025205,138,108
docvqa,Qwen/Qwen3-VL-8B-Instruct,58009,3657,0.25,-0.13882415061798112,-0.08675339323365334,0.06838106370543542,0.940801727913853,0.02913401270433105,1.0,0.14554579673776663,0.733586441000381,138,106
docvqa,Qwen/Qwen3-VL-8B-Instruct,49401,1375,0.25,0.08537222688959258,0.059279608310175994,0.11507293354943274,0.6363901492385637,0.16104877505437795,0.9926739926739927,0.5457875457875457,0.4281950484390584,110,50
docvqa,Qwen/Qwen3-VL-8B-Instruct,364,3300,0.25,0.19964006043938115,0.13178173951367295,0.2177121771217712,0.5838995609242872,0.03012572480944965,0.9433962264150944,0.12641509433962264,0.45472470025271405,132,100
docvqa,Qwen/Qwen3-VL-8B-Instruct,49242,3850,0.25,0.23784253859626062,0.15955045291581402,0.23969072164948454,0.5000454996162308,0.06818105886554726,0.940677966101695,0.33559322033898303,0.3801240197896607,140,110
docvqa,Qwen/Qwen3-VL-8B-Instruct,57931,3763,0.25,0.09547245727564702,0.06347545537880725,0.19189360354654844,0.7873494002603556,0.034951318337351774,0.9811912225705329,0.2304075235109718,0.5113226284316873,142,106
docvqa,Qwen/Qwen3-VL-8B-Instruct,57880,3976,0.25,0.1947942992534308,0.12764540137565455,0.1925614877024595,0.5402197520986177,0.12625731078957667,0.9836552748885586,0.4561664190193165,0.3946373681234463,142,112
docvqa,Qwen/Qwen3-VL-8B-Instruct,58337,3710,0.25,0.4160593965690595,0.28862315344932915,0.35871156661786235,0.6076638422395819,0.19158608279552497,0.8287671232876712,0.3995433789954338,0.44148173014728825,140,106
docvqa,Qwen/Qwen3-VL-8B-Instruct,41687,3657,0.25,0.07504490064632761,0.05072853457631606,0.1971185330713818,0.3622894853592408,0.34994477884985237,0.6280587275693311,0.2969004893964111,0.11567096072604145,138,106
docvqa,Qwen/Qwen3-VL-8B-Instruct,463,3657,0.25,0.050592402406328105,0.030178783243577104,0.13540372670807455,0.9196534739999935,0.08281940579690043,1.0,0.28879310344827586,0.575133715851533,138,106
docvqa,Qwen/Qwen3-VL-8B-Instruct,57532,3975,0.25,0.3244937415904906,0.22384778540000153,0.24483406386975579,0.1842221435624889,0.14669473081833728,0.6981757877280266,0.7694859038142621,-0.11356164497141479,150,106
docvqa,Qwen/Qwen3-VL-8B-Instruct,786,3400,0.25,0.2091594064158727,0.13823842118256469,0.2509197939661516,0.44144978884338604,0.00013419165877965672,0.793713163064833,0.003929273084479371,0.43030757737380526,136,100
docvqa,Qwen/Qwen3-VL-8B-Instruct,50299,3905,0.25,0.2549878245297253,0.17143455367154406,0.24728434504792332,0.289433483638388,0.11375079414347133,0.8930390492359932,0.5721561969439728,0.2176569908578601,142,110
docvqa,Qwen/Qwen3-VL-8B-Instruct,58269,4503,0.25,0.09286366499438152,0.06228594466110087,0.14722363728986246,0.8128859703534749,0.13314640716290801,1.0,0.44802867383512546,0.5341063942807364,158,114
docvqa,Qwen/Qwen3-VL-8B-Instruct,49168,1377,0.25,0.04632300822580357,0.029403320328992923,0.09379968203497616,0.5727484123748645,0.15188524886442903,1.0,0.49473684210526314,0.5642306430588003,102,54
docvqa,Qwen/Qwen3-VL-8B-Instruct,357,3366,0.25,0.23050126055238387,0.15746931026360522,0.2520446096654275,0.4822701039887884,0.05128078890192848,0.9443339960238568,0.220675944333996,0.40852507583407643,102,132
docvqa,Qwen/Qwen3-VL-8B-Instruct,57526,3975,0.25,-0.22805463621260771,-0.14809066759547404,0.05129561078794289,0.4420423244273023,0.1292361641638713,0.9899665551839465,0.6588628762541806,0.32850432841037086,150,106
docvqa,Qwen/Qwen3-VL-8B-Instruct,49399,1375,0.25,0.08537222688959258,0.059279608310175994,0.11507293354943274,0.6363901492385637,0.16104877505437795,0.9926739926739927,0.5457875457875457,0.4281950484390584,110,50
docvqa,Qwen/Qwen3-VL-8B-Instruct,57963,16240,0.25,0.34037176164914884,0.2326214008220876,0.30316161129834696,0.2633902405598712,2.9705327940664634e-07,0.5877475817595578,0.0032243205895900505,0.3404904066998726,224,290
docvqa,Qwen/Qwen3-VL-8B-Instruct,49274,3905,0.25,0.16001986875985852,0.10901220967919038,0.13819241982507288,0.42539034938094417,0.13690381691978895,0.9986468200270636,0.476319350473613,0.43835495906471605,142,110
docvqa,Qwen/Qwen3-VL-8B-Instruct,57825,3864,0.25,-0.007246597261778371,-0.0026867421094705006,0.07512520868113523,1.1416405659935536,0.1737928313871511,1.0,0.4091456077015644,0.6270462414117441,112,138
docvqa,Qwen/Qwen3-VL-8B-Instruct,58304,3657,0.25,0.29058389732638296,0.19878910886083295,0.3362573099415205,0.49609334270641264,0.040451057207573714,0.8149779735682819,0.09030837004405286,0.37860261642012216,106,138
gqa,Qwen/Qwen3-VL-8B-Instruct,202147765,240,0.25,0.3458757964547995,0.23709902370990238,0.2765957446808511,0.23651032051181092,0.26751522982821746,0.5294117647058824,0.6470588235294118,-0.14337195263379157,40,24
gqa,Qwen/Qwen3-VL-8B-Instruct,201574089,260,0.25,0.4004028279890348,0.2754380754380754,0.31313131313131315,0.4446461923858699,0.3984095984522034,0.6764705882352942,0.47058823529411764,0.052946061370357754,26,40
gqa,Qwen/Qwen3-VL-8B-Instruct,201536489,260,0.25,0.3850639574777505,0.26367686367686366,0.2871287128712871,0.4861105111324125,0.4781511827475495,0.5,0.4722222222222222,-0.01770613618212209,26,40
gqa,Qwen/Qwen3-VL-8B-Instruct,201528182,260,0.25,0.24247445626755967,0.16477576477576475,0.25,0.20608103506935713,0.16804002655240205,0.5128205128205128,0.5128205128205128,0.045827169879218754,26,40
gqa,Qwen/Qwen3-VL-8B-Instruct,20182765,300,0.25,0.3000811120123557,0.21052396878483837,0.28205128205128205,0.5345791262530145,0.5081440628994078,0.5952380952380952,0.5476190476190477,0.1188896615343427,30,40
gqa,Qwen/Qwen3-VL-8B-Instruct,201738830,380,0.25,0.36423659443624956,0.25185390917928063,0.3013698630136986,0.21890353937359416,0.21953530770306492,0.47058823529411764,0.5882352941176471,-0.08806716088602781,38,40
gqa,Qwen/Qwen3-VL-8B-Instruct,202156894,300,0.25,0.4050725008055644,0.27866220735785957,0.25,0.29258213738600414,0.3791773030327426,0.4888888888888889,0.6222222222222222,-0.05863247848803305,30,40
gqa,Qwen/Qwen3-VL-8B-Instruct,201639551,300,0.25,0.5378517539083767,0.37146042363433673,0.40186915887850466,0.23888983769575134,0.19750676274998114,0.4375,0.375,0.07934041882467631,30,40
gqa,Qwen/Qwen3-VL-8B-Instruct,201751764,260,0.25,0.33845607638711084,0.23742203742203738,0.23809523809523808,0.4629558502696455,0.40064597288146614,0.725,0.575,0.16510200396563646,26,40
gqa,Qwen/Qwen3-VL-8B-Instruct,20171164,192,0.25,0.23389645443941082,0.16753926701570682,0.28,0.38690172232411524,0.2602760637248004,0.7407407407407407,0.5185185185185185,0.13050975496332623,24,32
gqa,Qwen/Qwen3-VL-8B-Instruct,201185166,176,0.25,0.2545828747523663,0.17701298701298698,0.17333333333333334,0.4258476976425417,0.41863870788966456,0.4838709677419355,0.41935483870967744,-0.012136754498884206,22,32
gqa,Qwen/Qwen3-VL-8B-Instruct,201412501,260,0.25,0.5201055545883131,0.3703593703593703,0.41304347826086957,0.337798242215757,0.25733148913692544,0.6666666666666666,0.4444444444444444,0.08088835621737826,26,40
gqa,Qwen/Qwen3-VL-8B-Instruct,202218508,260,0.25,0.39554294726708517,0.28405108405108404,0.3,0.3130156087556056,0.1970184407063893,0.8857142857142857,0.5142857142857142,0.19616171725636872,40,26
gqa,Qwen/Qwen3-VL-8B-Instruct,201908765,300,0.25,0.46942166024066934,0.32575250836120406,0.2711864406779661,0.2607007725814054,0.2101416564438232,0.6976744186046512,0.627906976744186,0.0812529161018209,30,40
gqa,Qwen/Qwen3-VL-8B-Instruct,201480376,260,0.25,0.42190496673255284,0.29248589248589246,0.3402061855670103,0.31090639787726104,0.20554418361280113,0.5625,0.34375,0.018456875615278746,40,26
gqa,Qwen/Qwen3-VL-8B-Instruct,20240935,192,0.25,0.1924914548463229,0.1305628272251309,0.17073170731707318,0.1772568734253154,0.18713602752369993,0.5,0.6764705882352942,0.06966737642372092,24,32
gqa,Qwen/Qwen3-VL-8B-Instruct,201393423,260,0.25,0.33602818430404635,0.2328482328482328,0.2621359223300971,0.2365273667597457,0.17747597886543526,0.5526315789473685,0.5526315789473685,0.03686369443227072,40,26
gqa,Qwen/Qwen3-VL-8B-Instruct,20621841,160,0.25,0.17646783077463965,0.12122641509433962,0.21212121212121213,0.4573408044301547,0.3774137026988543,0.6153846153846154,0.46153846153846156,0.17040237236374572,20,32
gqa,Qwen/Qwen3-VL-8B-Instruct,20647440,192,0.25,0.36936087675989476,0.2553446771378709,0.3150684931506849,0.2325819617509842,0.18277010411024094,0.56,0.56,0.034202671045543274,32,24
gqa,Qwen/Qwen3-VL-8B-Instruct,202228538,165,0.25,0.19278444153554353,0.13052475979305247,0.26153846153846155,0.326389095125099,0.21465868378678957,0.5833333333333334,0.375,0.2073738048384704,30,22
gqa,Qwen/Qwen3-VL-8B-Instruct,201497858,260,0.25,0.467744060847509,0.32313632313632307,0.31313131313131315,0.25543657514978857,0.26427379436790943,0.5588235294117647,0.5882352941176471,0.09664427333695504,26,40
gqa,Qwen/Qwen3-VL-8B-Instruct,20711546,280,0.25,0.2681584859865195,0.18499743983614955,0.26126126126126126,0.21553626992717023,0.2640745480794732,0.5365853658536586,0.5365853658536586,-0.04807738828070701,28,40
gqa,Qwen/Qwen3-VL-8B-Instruct,20435309,300,0.25,0.22230558117312413,0.15032329988851728,0.22950819672131148,0.2578075813486221,0.2903762974954666,0.5106382978723404,0.6170212765957447,-0.021235951538918458,30,40
gqa,Qwen/Qwen3-VL-8B-Instruct,20978725,192,0.25,0.43600798904050136,0.29712041884816753,0.352112676056338,0.52771999006686,0.4149698453105014,0.6956521739130435,0.43478260869565216,-0.04542926620115898,24,32
gqa,Qwen/Qwen3-VL-8B-Instruct,2062343,300,0.25,0.44441204902276693,0.3077369007803791,0.35135135135135137,0.2953348883117239,0.2722900670228733,0.5833333333333334,0.5277777777777778,-0.03636136559267946,30,40
gqa,Qwen/Qwen3-VL-8B-Instruct,202049417,300,0.25,0.25296369959666215,0.17270903010033448,0.20967741935483872,0.24459881130225805,0.22277557979128798,0.5918367346938775,0.46938775510204084,0.03026957139585959,30,40
gqa,Qwen/Qwen3-VL-8B-Instruct,2076204,300,0.25,0.44136134845942726,0.30064659977703456,0.2605042016806723,0.38018039685928007,0.28837225649675186,0.6590909090909091,0.6818181818181818,0.0521494755449173,30,40
gqa,Qwen/Qwen3-VL-8B-Instruct,201982989,240,0.25,0.3668483827844232,0.25258019525801956,0.2631578947368421,0.2879449815622398,0.29035611116726484,0.6,0.5428571428571428,-0.025691865176542726,24,40
gqa,Qwen/Qwen3-VL-8B-Instruct,201156172,260,0.25,0.480024169679342,0.32937332937332936,0.41304347826086957,0.37381156961675044,0.3238182868118639,0.7037037037037037,0.4074074074074074,0.13353646053005308,26,40
gqa,Qwen/Qwen3-VL-8B-Instruct,20262487,300,0.25,0.4323528039200435,0.3012263099219621,0.36363636363636365,0.30705175059182305,0.33415681783642087,0.45714285714285713,0.5428571428571428,-0.04178847222265254,30,40
gqa,Qwen/Qwen3-VL-8B-Instruct,202162379,300,0.25,0.3459442882698696,0.23968784838350057,0.25,0.30551918347676593,0.2402940516670545,0.6666666666666666,0.6,0.10609301777288796,30,40
gqa,Qwen/Qwen3-VL-8B-Instruct,20361323,192,0.25,0.4144382578737488,0.2787958115183246,0.352112676056338,0.2619204237733198,0.1645078759478486,0.782608695652174,0.6086956521739131,0.07364057681312068,32,24
gqa,Qwen/Qwen3-VL-8B-Instruct,201669616,300,0.25,0.3927785864287381,0.27647714604236345,0.25,0.3133440364566114,0.19857174158096313,0.5777777777777777,0.4,0.11147936917462707,30,40
gqa,Qwen/Qwen3-VL-8B-Instruct,202101163,300,0.25,0.37710507894532164,0.26162764771460423,0.29310344827586204,0.3226953763969061,0.26775907688751455,0.6585365853658537,0.4634146341463415,0.04243552810075107,30,40
gqa,Qwen/Qwen3-VL-8B-Instruct,201616026,300,0.25,0.3250391671018567,0.22354515050167226,0.28205128205128205,0.21239327404293276,0.1696455336752392,0.5714285714285714,0.4523809523809524,0.09605319112394171,40,30
gqa,Qwen/Qwen3-VL-8B-Instruct,20609470,260,0.25,0.2173024862680035,0.15354915354915355,0.27450980392156865,0.21652847125723557,0.21732443339518598,0.4864864864864865,0.6486486486486487,0.03431992316757762,26,40
gqa,Qwen/Qwen3-VL-8B-Instruct,202122091,260,0.25,0.36705344981207044,0.25755865755865753,0.22641509433962265,0.5568988038363253,0.5033892420370404,0.6341463414634146,0.5365853658536586,0.09148018746034854,26,40
gqa,Qwen/Qwen3-VL-8B-Instruct,201307350,144,0.25,0.45942850253195083,0.31196581196581197,0.3090909090909091,0.16941205372935847,0.095076690378942,0.5789473684210527,0.631578947368421,0.11968235600172199,18,32
gqa,Qwen/Qwen3-VL-8B-Instruct,2017435,192,0.25,0.39742594200146486,0.27017888307155324,0.28,0.268470894890251,0.2804204251065298,0.5925925925925926,0.5185185185185185,-0.01857418210301454,24,32
gqa,Qwen/Qwen3-VL-8B-Instruct,201392027,280,0.25,0.4702231989110648,0.32611367127496166,0.22807017543859648,0.38687525198540906,0.24999502855776387,0.7272727272727273,0.6590909090909091,0.13887376444022642,28,40
gqa,Qwen/Qwen3-VL-8B-Instruct,20515108,192,0.25,0.540928573366248,0.3756544502617801,0.391304347826087,0.15283881225401447,0.1311185702326752,0.5714285714285714,0.38095238095238093,0.10366057895604529,24,32
gqa,Qwen/Qwen3-VL-8B-Instruct,201303373,300,0.25,0.30497449971666346,0.21333333333333335,0.21951219512195122,0.32975091443707544,0.23749874827141562,0.6458333333333334,0.3958333333333333,0.08380014156791574,30,40
gqa,Qwen/Qwen3-VL-8B-Instruct,202107887,260,0.25,0.3993937097385373,0.2823284823284823,0.3684210526315789,0.35764596424996853,0.24632029210527737,0.7333333333333333,0.5666666666666667,0.10578127619140329,26,40
gqa,Qwen/Qwen3-VL-8B-Instruct,201983611,192,0.25,0.2537910642107263,0.17222949389179756,0.23076923076923078,0.2391768477857113,0.20988308067123096,0.5,0.5666666666666667,0.07625021516116391,24,32
gqa,Qwen/Qwen3-VL-8B-Instruct,2066027,300,0.25,0.32841920465782953,0.2216722408026756,0.20967741935483872,0.2895101607606119,0.37642000980523166,0.2857142857142857,0.5510204081632653,-0.1835789609669253,30,40
gqa,Qwen/Qwen3-VL-8B-Instruct,201879789,300,0.25,0.39284703163368473,0.26934225195094763,0.29310344827586204,0.3885800435048778,0.3000184867712783,0.6341463414634146,0.6585365853658537,0.08291498718657281,30,40
gqa,Qwen/Qwen3-VL-8B-Instruct,201068695,260,0.25,0.3578150336771026,0.24555984555984553,0.23809523809523808,0.28193300031125546,0.31247431552037597,0.475,0.575,0.04320806003577182,26,40
gqa,Qwen/Qwen3-VL-8B-Instruct,201623985,260,0.25,0.2725124518227966,0.19013959013959011,0.23809523809523808,0.19532773338723927,0.27075766324996947,0.35,0.575,-0.0994145199347097,40,26
gqa,Qwen/Qwen3-VL-8B-Instruct,202037104,400,0.25,0.20481578009862558,0.1391478696741855,0.25,0.28306234007080394,0.3041803877800703,0.38333333333333336,0.5833333333333334,-0.08362272450948785,40,40
gqa,Qwen/Qwen3-VL-8B-Instruct,202119404,300,0.25,0.37349792775475277,0.2537346711259755,0.2396694214876033,0.3767687153557073,0.39521146500888077,0.6304347826086957,0.5217391304347826,-0.05980824534796119,40,30
gqa,Qwen/Qwen3-VL-8B-Instruct,202257495,260,0.25,0.4313495761771623,0.3058509058509058,0.31313131313131315,0.4653609547325793,0.45559024438261986,0.5294117647058824,0.5,-0.010160075559937058,26,40
gqa,Qwen/Qwen3-VL-8B-Instruct,201951690,260,0.25,0.2987854221988004,0.20401253362115293,0.14035087719298245,0.35307306857133397,0.4028685408055174,0.5306122448979592,0.5714285714285714,-0.04359599632558463,26,40
gqa,Qwen/Qwen3-VL-8B-Instruct,201859509,300,0.25,0.4007288969877443,0.2776365663322185,0.19047619047619047,0.16529237113746942,0.13258419857889997,0.6666666666666666,0.6666666666666666,0.0402216523374337,30,40
gqa,Qwen/Qwen3-VL-8B-Instruct,20205093,340,0.25,0.2705870140338076,0.18289085545722714,0.22302158273381295,0.2671937547447332,0.22924330230388376,0.6296296296296297,0.48148148148148145,0.10487021433735737,40,34
gqa,Qwen/Qwen3-VL-8B-Instruct,202012702,260,0.25,0.26648027337682506,0.18657558657558657,0.21495327102803738,0.4386370403780824,0.391361401904197,0.6428571428571429,0.5476190476190477,0.026532905152584278,26,40
gqa,Qwen/Qwen3-VL-8B-Instruct,20427461,260,0.25,0.4094213956282921,0.2883872883872884,0.25,0.19351701199626312,0.2580186787706155,0.4358974358974359,0.5384615384615384,-0.14272482877335627,40,26
gqa,Qwen/Qwen3-VL-8B-Instruct,201065497,300,0.25,0.40016755741730464,0.2765217391304348,0.28205128205128205,0.23455927461119636,0.17276961963978552,0.6904761904761905,0.5714285714285714,0.15302527327393803,30,40
gqa,Qwen/Qwen3-VL-8B-Instruct,201639438,300,0.25,0.5378517539083767,0.37146042363433673,0.40186915887850466,0.23888983769575134,0.19750676274998114,0.4375,0.375,0.07934041882467631,30,40
gqa,Qwen/Qwen3-VL-8B-Instruct,201527400,260,0.25,0.24247445626755967,0.16477576477576475,0.25,0.20608103506935713,0.16804002655240205,0.5128205128205128,0.5128205128205128,0.045827169879218754,26,40
gqa,Qwen/Qwen3-VL-8B-Instruct,201393504,260,0.25,0.33602818430404635,0.2328482328482328,0.2621359223300971,0.2365273667597457,0.17747597886543526,0.5526315789473685,0.5526315789473685,0.03686369443227072,40,26
gqa,Qwen/Qwen3-VL-8B-Instruct,20361321,192,0.25,0.4144382578737488,0.2787958115183246,0.352112676056338,0.2619204237733198,0.1645078759478486,0.782608695652174,0.6086956521739131,0.07364057681312068,32,24
gqa,Qwen/Qwen3-VL-8B-Instruct,202101080,300,0.25,0.37710507894532164,0.26162764771460423,0.29310344827586204,0.3226953763969061,0.26775907688751455,0.6585365853658537,0.4634146341463415,0.04243552810075107,30,40
gqa,Qwen/Qwen3-VL-8B-Instruct,201738860,380,0.25,0.36423659443624956,0.25185390917928063,0.3013698630136986,0.21890353937359416,0.21953530770306492,0.47058823529411764,0.5882352941176471,-0.08806716088602781,38,40
gqa,Qwen/Qwen3-VL-8B-Instruct,20427782,260,0.25,0.4094213956282921,0.2883872883872884,0.25,0.19351701199626312,0.2580186787706155,0.4358974358974359,0.5384615384615384,-0.14272482877335627,40,26
ocrbench,Qwen/Qwen3-VL-8B-Instruct,ocr0439,300,0.25,0.23952710585673173,0.16646599777034563,0.22950819672131148,0.17234842946871798,0.17244517360318531,0.425531914893617,0.6170212765957447,-0.09935538096482702,30,40
ocrbench,Qwen/Qwen3-VL-8B-Instruct,ocr0621,425,0.25,0.3086582321934251,0.21264268947435905,0.21142857142857144,0.2320695785220132,0.08746435419142591,0.855072463768116,0.4927536231884058,0.15936449681255618,34,50
ocrbench,Qwen/Qwen3-VL-8B-Instruct,ocr0160,70,0.25,0.29895897121861603,0.20331262939958594,0.16129032258064516,0.2530942630882447,0.26720483944966245,0.6923076923076923,0.8461538461538461,0.01185223153264596,14,20
ocrbench,Qwen/Qwen3-VL-8B-Instruct,ocr0549,3763,0.25,0.1667832656074519,0.11000858692645503,0.20873474630700065,0.9916582433157223,0.20958149128162923,0.9918831168831169,0.5,0.4579439356459799,142,106
ocrbench,Qwen/Qwen3-VL-8B-Instruct,ocr0237,78,0.25,0.38587994284196814,0.26406926406926406,0.3333333333333333,0.21018379926681519,0.20528461113572122,0.6,0.6,0.07118284049992304,12,26
ocrbench,Qwen/Qwen3-VL-8B-Instruct,ocr0389,1024,0.25,0.2579818928367069,0.17854197214076245,0.20754716981132076,0.2789133299319517,0.16099933014872173,0.6964285714285714,0.4583333333333333,0.18154545484842335,64,64
ocrbench,Qwen/Qwen3-VL-8B-Instruct,ocr0658,16168,0.25,0.4605591963218314,0.3172136101045919,0.31340373679935013,0.5388531566088249,0.1462029344299463,0.9645054424988169,0.46568859441552296,0.4055187222016106,688,94
ocrbench,Qwen/Qwen3-VL-8B-Instruct,ocr0507,2400,0.25,0.10715690274146682,0.07365952370076596,0.1661807580174927,0.28402424187753306,0.07692863116375147,0.9347319347319347,0.3776223776223776,0.4550400975447754,120,80
ocrbench,Qwen/Qwen3-VL-8B-Instruct,ocr0124,80,0.25,0.11458040318799813,0.08164556962025316,0.1111111111111111,0.39590342435985804,0.32681697234511375,0.75,0.625,0.1734507314602828,10,32
ocrbench,Qwen/Qwen3-VL-8B-Instruct,ocr0290,80,0.25,0.007946554149085794,0.010759493670886076,0.08108108108108109,0.3111702199367916,0.10772900529863204,1.0,0.29411764705882354,0.5280603808692647,10,32
ocrbench,Qwen/Qwen3-VL-8B-Instruct,ocr0975,84,0.25,0.4588032803482838,0.3258749282845669,0.23529411764705882,0.23542654593116963,0.15133655114242664,0.6923076923076923,0.5384615384615384,0.20118914388370704,8,42
ocrbench,Qwen/Qwen3-VL-8B-Instruct,ocr0392,1024,0.25,0.4158514859894999,0.2880413459584664,0.26732673267326734,0.221631117421517,0.0873277790158534,0.8108108108108109,0.46621621621621623,0.2198472289668645,64,64
ocrbench,Qwen/Qwen3-VL-8B-Instruct,ocr0231,70,0.25,0.2433207943312046,0.16687370600414078,0.16129032258064516,0.21526091488508078,0.1877173907481707,0.6153846153846154,0.6153846153846154,0.18929703093141184,10,28
ocrbench,Qwen/Qwen3-VL-8B-Instruct,ocr0969,87,0.25,0.3302471385871546,0.2280139000267308,0.1282051282051282,0.3735770122969852,0.2868618463330409,0.8235294117647058,0.7058823529411765,0.28545517346186716,6,58
ocrbench,Qwen/Qwen3-VL-8B-Instruct,ocr0354,992,0.25,0.2786843726862098,0.19491553009342144,0.22469135802469137,0.32885313427941815,0.32898377790783123,0.554140127388535,0.5732484076433121,0.08571895142043746,62,64
ocrbench,Qwen/Qwen3-VL-8B-Instruct,ocr0657,266,0.25,0.20107051601868783,0.13434529720527735,0.24528301886792453,0.6468593399971724,0.28756148491520434,0.925,0.325,0.3945060197572383,28,38
ocrbench,Qwen/Qwen3-VL-8B-Instruct,ocr0914,80,0.25,0.563736521331458,0.39177215189873416,0.3333333333333333,0.15212943963124417,0.1266219025477767,0.8,0.6,0.35648510008351275,8,40
ocrbench,Qwen/Qwen3-VL-8B-Instruct,ocr0719,874,0.25,-0.001928092306067724,-0.0021782380649067764,0.10379746835443038,0.9990270602711513,0.19809217669995827,0.9887005649717514,0.3050847457627119,0.6726928154799009,92,38
ocrbench,Qwen/Qwen3-VL-8B-Instruct,ocr0302,160,0.25,0.28149244111098093,0.19040880503144653,0.17647058823529413,0.14872492224510228,0.1172415531639542,0.4642857142857143,0.42857142857142855,0.04461086913163411,32,20
ocrbench,Qwen/Qwen3-VL-8B-Instruct,ocr0109,260,0.25,0.04666864666864666,0.032729432729432725,0.13043478260869565,0.3898876441270113,0.1915378274768591,0.8,0.42,0.5393726546378534,20,52
ocrbench,Qwen/Qwen3-VL-8B-Instruct,ocr0508,3604,0.25,0.055985610423321786,0.035957675235312035,0.17317708333333334,0.6081633548684946,0.018559639281798938,0.9984251968503937,0.3779527559055118,0.4522328251977245,136,106
ocrbench,Qwen/Qwen3-VL-8B-Instruct,ocr0754,1632,0.25,0.20409362202655137,0.13599710270374243,0.2344931921331316,0.20436572896297323,0.00073664456685803,0.5573122529644269,0.05928853754940711,0.2913048698014255,96,68
ocrbench,Qwen/Qwen3-VL-8B-Instruct,ocr0576,425,0.25,0.31464788732394366,0.2198224195338513,0.2619047619047619,0.2280805757299306,0.04984593130047283,0.8548387096774194,0.41935483870967744,0.26791612880295557,34,50
ocrbench,Qwen/Qwen3-VL-8B-Instruct,ocr0006,65,0.25,0.2639423076923077,0.18461538461538465,0.23076923076923078,0.3035467674955726,0.08668934237211942,0.8,0.3,0.4137403542853074,10,26
ocrbench,Qwen/Qwen3-VL-8B-Instruct,ocr0832,744,0.25,0.12155841764238473,0.0818391004211349,0.14814814814814814,0.8573524299739064,0.299455585226668,0.9565217391304348,0.3188405797101449,0.5726013876705794,62,48
ocrbench,Qwen/Qwen3-VL-8B-Instruct,ocr0243,78,0.25,0.2534806965186712,0.17216117216117216,0.25,0.13707779720425606,0.15080266321698824,0.5833333333333334,0.6666666666666666,0.02060486538060547,12,26
ocrbench,Qwen/Qwen3-VL-8B-Instruct,ocr0359,768,0.25,0.20517458203562763,0.1368494676227727,0.12609970674486803,0.30851006165346845,0.17178851657315788,0.825503355704698,0.44966442953020136,0.31855601535033806,48,64
ocrbench,Qwen/Qwen3-VL-8B-Instruct,ocr0710,1386,0.25,0.2130701028335797,0.14171010867319173,0.15333333333333332,0.776153408522593,0.055160224830042424,0.9881889763779528,0.4015748031496063,0.5653502931949795,126,44
ocrbench,Qwen/Qwen3-VL-8B-Instruct,ocr0034,70,0.25,0.0388942349750678,0.0318840579710145,0.16129032258064516,0.13566334846501166,0.06272358468805368,0.8461538461538461,0.46153846153846156,0.6177888759616489,10,28
ocrbench,Qwen/Qwen3-VL-8B-Instruct,ocr0054,72,0.25,0.20580101614251725,0.15336463223787167,0.2413793103448276,0.10166591896929524,0.1230372026224028,0.36363636363636365,0.45454545454545453,0.18348344126259183,18,16
ocrbench,Qwen/Qwen3-VL-8B-Instruct,ocr0399,768,0.25,0.009184005201560468,0.007231910039113429,0.11304347826086956,0.41683409898694046,0.19252672574781124,0.8104575163398693,0.4117647058823529,0.38197289046534894,48,64
ocrbench,Qwen/Qwen3-VL-8B-Instruct,ocr0559,425,0.25,0.3743241468790546,0.25773584905660374,0.2694610778443114,0.2500380386033508,0.09159500574212155,0.819672131147541,0.5081967213114754,0.2193774825183112,34,50
ocrbench,Qwen/Qwen3-VL-8B-Instruct,ocr0521,3850,0.25,0.284748978243497,0.18961220813375043,0.33611111111111114,0.16239159794282715,0.047659879823110096,0.6652719665271967,0.4811715481171548,0.08681980363580781,140,110
ocrbench,Qwen/Qwen3-VL-8B-Instruct,ocr0874,132,0.25,0.03165095250270019,0.0217441591487393,0.1,0.7852134285149751,0.48277275540210585,1.0,0.2962962962962963,0.6113254921915379,22,24
ocrbench,Qwen/Qwen3-VL-8B-Instruct,ocr0875,96,0.25,0.09011123168746608,0.055263157894736833,0.23076923076923078,0.702447219689687,0.3169262523452441,1.0,0.2,0.5200766541077103,16,24
ocrbench,Qwen/Qwen3-VL-8B-Instruct,ocr0591,425,0.25,0.3032197401947758,0.20432852386237516,0.23255813953488372,0.13482388131546252,0.06584667724162115,0.6818181818181818,0.5,0.17215577873198104,34,50
ocrbench,Qwen/Qwen3-VL-8B-Instruct,ocr0137,495,0.25,0.49560463588477177,0.3401872980820349,0.2916666666666667,0.07168722317424801,0.05507168588974978,0.6176470588235294,0.6470588235294118,0.0732091340082893,30,66
ocrbench,Qwen/Qwen3-VL-8B-Instruct,ocr0793,744,0.25,0.20086531812977995,0.13749837190118527,0.23588039867109634,0.6172558359032416,0.0314958759246308,0.9391304347826087,0.40869565217391307,0.4267952199190467,62,48
ocrbench,Qwen/Qwen3-VL-8B-Instruct,ocr0349,64,0.25,0.17399267399267399,0.11706349206349206,0.23076923076923078,0.2161584344226867,0.1358452571555972,0.5,0.5,0.14022994712075945,16,16
ocrbench,Qwen/Qwen3-VL-8B-Instruct,ocr0782,744,0.25,0.20355538901436135,0.1352045615710792,0.17721518987341772,0.9180510923266411,0.28986954698674916,0.9692307692307692,0.36153846153846153,0.4756701493118285,62,48
ocrbench,Qwen/Qwen3-VL-8B-Instruct,ocr0951,70,0.25,0.4654535911118888,0.31345755693581784,0.2413793103448276,0.3527008510110053,0.216143447059122,0.9090909090909091,0.6363636363636364,0.25092542860565265,10,28
ocrbench,Qwen/Qwen3-VL-8B-Instruct,ocr0989,68,0.25,0.5863648509371301,0.39332748024582964,0.4166666666666667,0.11723461002111435,0.09199484437704086,0.8571428571428571,0.7142857142857143,0.13824446159524134,8,34
ocrbench,Qwen/Qwen3-VL-8B-Instruct,ocr0128,80,0.25,0.3960150023441163,0.2841772151898734,0.17647058823529413,0.7329724218164172,0.5820056849292347,0.7857142857142857,0.5,0.09264046748047321,10,32
ocrbench,Qwen/Qwen3-VL-8B-Instruct,ocr0230,70,0.25,0.3919692065436095,0.2679089026915114,0.2857142857142857,0.21050191521644593,0.20890179499983788,0.6,0.6,0.08331364850801848,10,28
ocrbench,Qwen/Qwen3-VL-8B-Instruct,ocr0636,160,0.25,-0.12037677253017695,-0.07515723270440251,0.08108108108108109,0.6344842362929793,0.30579835232621166,0.7352941176470589,0.5,0.40132038373000384,32,20
ocrbench,Qwen/Qwen3-VL-8B-Instruct,ocr0894,132,0.25,0.0485930301117123,0.025676613462873005,0.15789473684210525,0.28173183153072995,0.20850855531170964,0.7916666666666666,0.4583333333333333,0.32312316472762914,24,22
ocrbench,Qwen/Qwen3-VL-8B-Instruct,ocr0606,425,0.25,0.22499601381876164,0.15223085460599334,0.23976608187134502,0.1959186550164864,0.054046495774617564,0.8461538461538461,0.38461538461538464,0.35946040922658806,34,50
ocrbench,Qwen/Qwen3-VL-8B-Instruct,ocr0910,77,0.25,0.3753877701246122,0.26384142173615854,0.22580645161290322,0.10682351716483633,0.09221799811348319,0.6666666666666666,0.5833333333333334,0.08828228698174054,14,22
ocrbench,Qwen/Qwen3-VL-8B-Instruct,ocr0588,425,0.25,0.31647543418111335,0.21160932297447282,0.2254335260115607,0.24680371966157386,0.09281420310153,0.9104477611940298,0.5223880597014925,0.3490607349086525,34,50
ocrbench,Qwen/Qwen3-VL-8B-Instruct,ocr0908,68,0.25,0.4826506851929609,0.3424056189640035,0.3076923076923077,0.1239570722811752,0.12113877013325691,0.5555555555555556,0.5555555555555556,0.005632673776842983,8,34
ocrbench,Qwen/Qwen3-VL-8B-Instruct,ocr0979,78,0.25,0.5169640486096182,0.36863136863136864,0.2903225806451613,0.07511724586683241,0.053094292313537815,0.7272727272727273,0.5454545454545454,0.2482196053920981,12,26
ocrbench,Qwen/Qwen3-VL-8B-Instruct,ocr0786,744,0.25,0.15057733039581087,0.09893775597331367,0.1625,0.9389191918186287,0.0946074252970434,1.0,0.43283582089552236,0.46598159933581956,62,48
ocrbench,Qwen/Qwen3-VL-8B-Instruct,ocr0269,70,0.25,-0.0741317470037617,-0.05424430641821946,0.16129032258064516,0.5859390829618161,0.18190303846047476,0.9230769230769231,0.38461538461538464,0.619172614918566,10,28
ocrbench,Qwen/Qwen3-VL-8B-Instruct,ocr0499,208,0.25,-0.04181002064297259,-0.02183203270159792,0.07216494845360824,0.6147322542965412,0.5950477290898561,0.37777777777777777,0.5111111111111111,0.03833414405465571,32,26
ocrbench,Qwen/Qwen3-VL-8B-Instruct,ocr0543,3796,0.25,0.007835866452293927,0.007291498476518376,0.13043478260869565,0.9055120466506644,0.2798977553498395,1.0,0.37945205479452054,0.4576354427888461,146,104
ocrbench,Qwen/Qwen3-VL-8B-Instruct,ocr0517,3024,0.25,0.2851571792967279,0.19402924011792774,0.3193717277486911,0.2584842382983156,0.04056241669876587,0.8461538461538461,0.5974358974358974,0.15845990457387948,126,96
ocrbench,Qwen/Qwen3-VL-8B-Instruct,ocr0370,672,0.25,0.30489648952367876,0.2084575260804769,0.24907063197026022,0.18483774557635926,0.161544451139646,0.594059405940594,0.5445544554455446,0.08245184453209256,42,64
ocrbench,Qwen/Qwen3-VL-8B-Instruct,ocr0061,70,0.25,-0.005056425509579215,-0.004554865424430642,0.2,0.13578574918210506,0.08466615830548108,0.6666666666666666,0.4166666666666667,0.49506477029589635,14,20
ocrbench,Qwen/Qwen3-VL-8B-Instruct,ocr0152,78,0.25,0.16149673111698426,0.10556110556110557,0.25,0.34582328350127983,0.3166705200759073,0.8333333333333334,0.6666666666666666,0.31762415042011544,12,26
ocrbench,Qwen/Qwen3-VL-8B-Instruct,ocr0728,798,0.25,0.12116443018634729,0.07724467574949996,0.11420612813370473,0.6732984974324329,0.19642918529838277,1.0,0.3836477987421384,0.580958195033441,84,38
ocrbench,Qwen/Qwen3-VL-8B-Instruct,ocr0584,425,0.25,0.326597051789092,0.22348501664816872,0.27710843373493976,0.20305352058882514,0.06998211507840703,0.8166666666666667,0.4666666666666667,0.22606164701902332,34,50
ocrbench,Qwen/Qwen3-VL-8B-Instruct,ocr0465,192,0.25,0.04347855573339121,0.03577661431064572,0.12941176470588237,0.4176369626578447,0.24041248155707443,0.8918918918918919,0.43243243243243246,0.3136574365566433,24,32
ocrbench,Qwen/Qwen3-VL-8B-Instruct,ocr0434,300,0.25,0.42661629573661924,0.29698996655518395,0.30434782608695654,0.33836493277922275,0.3575904713477939,0.55,0.5,-0.08229619819606676,30,40
ocrbench,Qwen/Qwen3-VL-8B-Instruct,ocr0147,72,0.25,-0.01742877355456943,-0.003912363067292645,0.2,0.4835176938213408,0.21822312210376063,0.8333333333333334,0.4166666666666667,0.5438245327621242,16,18
ocrbench,Qwen/Qwen3-VL-8B-Instruct,ocr0219,78,0.25,0.4204276735922305,0.2780552780552781,0.25,0.18372602326174578,0.19777910659710565,0.75,0.75,-0.01654397852618314,12,26
ocrbench,Qwen/Qwen3-VL-8B-Instruct,ocr0552,425,0.25,0.39920682809398017,0.2762930077691454,0.325,0.19402263351474647,0.05679096309833969,0.8333333333333334,0.48148148148148145,0.27074904029276287,34,50
ocrbench,Qwen/Qwen3-VL-8B-Instruct,ocr0729,1242,0.25,0.20098979789237495,0.13455470988849413,0.1588785046728972,0.7348942736122344,0.1340667414996359,1.0,0.3288888888888889,0.6082610034682456,108,46
ocrbench,Qwen/Qwen3-VL-8B-Instruct,ocr0261,77,0.25,0.20973763079026236,0.15105946684894053,0.35714285714285715,0.24161932620012927,0.08380906946129268,0.6666666666666666,0.2222222222222222,0.4869990063209688,14,22
ocrbench,Qwen/Qwen3-VL-8B-Instruct,ocr0853,99,0.25,0.024291898577612863,0.011750154607297466,0.25,0.6272666037082673,0.2208080785969893,0.9333333333333333,0.2,0.5891743326673775,18,22
ocrbench,Qwen/Qwen3-VL-8B-Instruct,ocr0236,72,0.25,0.41401376294295456,0.26682316118935834,0.2857142857142857,0.16799348033964634,0.07178185246884823,0.8,0.3,0.3436125580176547,12,24
ocrbench,Qwen/Qwen3-VL-8B-Instruct,ocr0048,75,0.25,0.16563300142247508,0.10270270270270271,0.11764705882352941,0.1429713266591231,0.10597002307573954,0.7333333333333333,0.4,0.6054211969676061,10,30
ocrbench,Qwen/Qwen3-VL-8B-Instruct,ocr0835,132,0.25,-0.11612132343349699,-0.07448531112653249,0.03125,0.7451311205663989,0.5422471720845469,0.7419354838709677,0.45161290322580644,0.4151611414712078,24,22
ocrbench,Qwen/Qwen3-VL-8B-Instruct,ocr0703,1624,0.25,0.2573027397632854,0.17365297404801627,0.2065378900445765,0.19188542987746693,0.049084843395920216,0.9962546816479401,0.3146067415730337,0.41727354232300784,116,56
ocrbench,Qwen/Qwen3-VL-8B-Instruct,ocr0098,72,0.25,0.08974853688340087,0.060250391236306725,0.2,0.2745959220919758,0.18492386707415184,0.75,0.5,0.34260168318606044,16,18
ocrbench,Qwen/Qwen3-VL-8B-Instruct,ocr0272,80,0.25,0.14601500234411627,0.10822784810126582,0.25,0.4420401180783908,0.1145065650343895,0.9166666666666666,0.16666666666666666,0.5787662541721613,10,32
ocrbench,Qwen/Qwen3-VL-8B-Instruct,ocr0503,3692,0.25,-0.07493715137928765,-0.046745292437482926,0.08716136631330977,0.8423883954555758,0.10125580964369639,1.0,0.2670967741935484,0.6898723093352904,142,104
ocrbench,Qwen/Qwen3-VL-8B-Instruct,ocr0470,160,0.25,0.09060119535919371,0.060849056603773585,0.0958904109589041,0.5185618843093063,0.12606943189872033,1.0,0.5757575757575758,0.4872402986184924,32,20
ocrbench,Qwen/Qwen3-VL-8B-Instruct,ocr0709,722,0.25,0.029040924346669626,0.017600209004883186,0.0975609756097561,0.681087828795048,0.20082882672667857,0.9594594594594594,0.3108108108108108,0.6312337911234237,76,38
ocrbench,Qwen/Qwen3-VL-8B-Instruct,ocr0260,78,0.25,0.01253177202544291,0.005661005661005661,0.17647058823529413,0.0665307885834149,0.036636059072666934,0.6428571428571429,0.35714285714285715,0.36359956916820185,12,26
ocrbench,Qwen/Qwen3-VL-8B-Instruct,ocr0035,72,0.25,0.20837352884429872,0.14319248826291078,0.2,0.11000184249132872,0.0834374421586593,0.5,0.3333333333333333,0.32042520359942994,8,36
ocrbench,Qwen/Qwen3-VL-8B-Instruct,ocr0764,722,0.25,0.045812998690005005,0.026567440573841347,0.08761329305135952,0.6304000744855167,0.19157392968769055,0.9602649006622517,0.33112582781456956,0.6278671267362872,76,38
ocrbench,Qwen/Qwen3-VL-8B-Instruct,ocr0514,2914,0.25,0.19002134028046722,0.12673007965381797,0.17704122877930478,0.866918262917629,0.20202048278268853,0.9921414538310412,0.3516699410609037,0.4357299172242361,94,124
ocrbench,Qwen/Qwen3-VL-8B-Instruct,ocr0081,72,0.25,0.06916843526914915,0.042253521126760556,0.2413793103448276,0.3910262950442054,0.20548103343356738,0.9090909090909091,0.18181818181818182,0.6811635402316091,8,36
ocrbench,Qwen/Qwen3-VL-8B-Instruct,ocr0674,8232,0.25,0.09816714338876115,0.07105167425752651,0.12244341423506953,0.6557174839583637,0.11368933129830645,0.983219390926041,0.5487880671224363,0.4622476932033174,392,84
ocrbench,Qwen/Qwen3-VL-8B-Instruct,ocr0839,108,0.25,0.04666228433698209,0.026306680512287985,0.2,0.6614090767171648,0.33008770934409565,0.8888888888888888,0.1111111111111111,0.642443533611174,18,24
ocrbench,Qwen/Qwen3-VL-8B-Instruct,ocr0391,672,0.25,0.08332817950568176,0.0667269888581364,0.13898305084745763,0.5087761123349347,0.44426967966274955,0.6456692913385826,0.5511811023622047,0.15623529998955,42,64
ocrbench,Qwen/Qwen3-VL-8B-Instruct,ocr0486,224,0.25,-0.004781123211616486,0.005285073670723895,0.16666666666666666,0.4115555688738823,0.40470280377194284,0.55,0.5,-0.06296083841968436,28,32
ocrbench,Qwen/Qwen3-VL-8B-Instruct,ocr0953,70,0.25,0.4302160790831948,0.29937888198757767,0.2857142857142857,0.16636490300297738,0.14428269006311895,0.6,0.5,0.138004068117696,10,28
ocrbench,Qwen/Qwen3-VL-8B-Instruct,ocr0250,70,0.25,0.04081882599947511,0.028571428571428574,0.2413793103448276,0.0777945037592541,0.030257304876365444,0.7272727272727273,0.2727272727272727,0.4524367214233916,14,20
ocrbench,Qwen/Qwen3-VL-8B-Instruct,ocr0530,3848,0.25,0.3493248961713001,0.23681565126260232,0.25016244314489927,0.38585891060446803,0.04810401327536978,0.8370883882149047,0.1854419410745234,0.3866494617321087,104,148
ocrbench,Qwen/Qwen3-VL-8B-Instruct,ocr0796,744,0.25,0.19117866195482,0.12789620689156142,0.16981132075471697,0.7233160083944147,0.0751753204619187,0.9924242424242424,0.2727272727272727,0.5097543929568068,62,48
ocrbench,Qwen/Qwen3-VL-8B-Instruct,ocr0502,3975,0.25,-0.012791909227983088,-0.0028935254424562896,0.1263456090651558,0.4315508789141551,0.15023426592303188,0.9364461738002594,0.7263294422827496,0.1955482847641639,150,106
ocrbench,Qwen/Qwen3-VL-8B-Instruct,ocr0763,1232,0.25,0.17989072056841826,0.11793159790611897,0.13863216266173753,0.9947586944686496,0.07668983703893323,0.9914163090128756,0.39914163090128757,0.5435406194038669,112,44
ocrbench,Qwen/Qwen3-VL-8B-Instruct,ocr0968,76,0.25,0.39526999316473005,0.2582456140350878,0.15151515151515152,0.1359974185803107,0.13395831840378897,0.7142857142857143,0.6428571428571429,0.18785899114296134,8,38
ocrbench,Qwen/Qwen3-VL-8B-Instruct,ocr0871,64,0.25,0.06634615384615385,0.04861111111111111,0.10344827586206896,0.8951325554114121,0.6310727435808915,0.9230769230769231,0.46153846153846156,0.2965456525569632,16,16
ocrbench,Qwen/Qwen3-VL-8B-Instruct,ocr0738,16264,0.25,0.34117297195594504,0.23235814513071065,0.35533333333333333,0.19534603697125497,0.0008550289652460556,0.3826266804550155,0.011375387797311272,0.22823950007084964,304,214
ocrbench,Qwen/Qwen3-VL-8B-Instruct,ocr0661,1925,0.25,0.022727287026352447,0.014427734427734427,0.08211473565804274,0.8522550993822697,0.1810488766578728,0.9852941176470589,0.3137254901960784,0.5626534420354562,154,50
ocrbench,Qwen/Qwen3-VL-8B-Instruct,ocr0320,1200,0.25,0.18536499015861294,0.12477211896869773,0.18110236220472442,0.17783659269424298,0.08142188934233183,0.7307692307692307,0.46634615384615385,0.2813147221163713,80,60
ocrbench,Qwen/Qwen3-VL-8B-Instruct,ocr0415,300,0.25,0.08098356648407204,0.055206243032329995,0.11940298507462686,0.2982451694930452,0.19834098717695006,0.8135593220338984,0.4915254237288136,0.17416795848100355,30,40
ocrbench,Qwen/Qwen3-VL-8B-Instruct,ocr0125,108,0.25,0.09937408899939981,0.06784354447905849,0.125,0.32403582103905226,0.3828844938959394,0.2857142857142857,0.47619047619047616,-0.16677028271963426,12,36
ocrbench,Qwen/Qwen3-VL-8B-Instruct,ocr0275,72,0.25,0.13441378866808157,0.08920187793427228,0.16129032258064516,0.431387268508283,0.17193610556960964,0.7692307692307693,0.3076923076923077,0.4891066239287222,12,24
ocrbench,Qwen/Qwen3-VL-8B-Instruct,ocr0295,72,0.25,-0.150041803331404,-0.09702660406885759,0.058823529411764705,0.33468418614938855,0.29187061451375484,0.625,0.4375,0.3612764404123452,8,36
ocrbench,Qwen/Qwen3-VL-8B-Instruct,ocr0068,84,0.25,-0.07965981573352234,-0.033849684452094096,0.13513513513513514,0.36459515802562237,0.24708465160802007,0.75,0.5625,0.49680516771083943,8,42
ocrbench,Qwen/Qwen3-VL-8B-Instruct,ocr0201,72,0.25,0.30535725770146,0.20735524256651017,0.2413793103448276,0.16781439835375006,0.23144406418908725,0.2727272727272727,0.5454545454545454,-0.09819799116614246,12,24
ocrbench,Qwen/Qwen3-VL-8B-Instruct,ocr0753,1150,0.25,0.2917346063909245,0.1941302455821697,0.23870967741935484,0.4454803428446412,0.061658181376376395,0.9887005649717514,0.4350282485875706,0.4259772275657858,92,50
ocrbench,Qwen/Qwen3-VL-8B-Instruct,ocr0944,66,0.25,0.40523953658282025,0.2857808857808858,0.18518518518518517,0.21533127637072044,0.14281327497552743,0.8181818181818182,0.6363636363636364,0.27513626794039014,6,44
ocrbench,Qwen/Qwen3-VL-8B-Instruct,ocr0599,425,0.25,0.32254771693423584,0.22330743618201998,0.2694610778443114,0.17634775349106946,0.07829775821444289,0.8524590163934426,0.5409836065573771,0.21269247690661416,34,50
ocrbench,Qwen/Qwen3-VL-8B-Instruct,ocr0477,208,0.25,0.06232097422028771,0.048030471943515424,0.2235294117647059,0.6649377761465131,0.6435827007799437,0.5151515151515151,0.5757575757575758,0.09808848614457844,32,26
ocrbench,Qwen/Qwen3-VL-8B-Instruct,ocr0567,425,0.25,0.36155242219130546,0.24643729189789124,0.2694610778443114,0.2455879982530338,0.20329341837434006,0.639344262295082,0.5901639344262295,0.27116426784622905,34,50
ocrbench,Qwen/Qwen3-VL-8B-Instruct,ocr0144,70,0.25,0.25269880150468027,0.17184265010351965,0.16129032258064516,0.21055172364979696,0.3145950554261127,0.6153846153846154,0.6153846153846154,0.046949678246727675,20,14
ocrbench,Qwen/Qwen3-VL-8B-Instruct,ocr0025,78,0.25,0.17280188166264115,0.13353313353313354,0.21212121212121213,0.18365273696298784,0.14165704009624627,0.6153846153846154,0.46153846153846156,0.4154888239361054,12,26
ocrbench,Qwen/Qwen3-VL-8B-Instruct,ocr0987,69,0.25,0.4214103032517355,0.28985507246376807,0.21428571428571427,0.19831359521909195,0.20355689864267001,0.6363636363636364,0.5454545454545454,-0.00014621888984303925,6,46
ocrbench,Qwen/Qwen3-VL-8B-Instruct,ocr0762,1449,0.25,0.15722954836436315,0.10412310648758112,0.16211878009630817,1.1133620116965162,0.1661018547058113,0.9923371647509579,0.3486590038314176,0.615295216325644,126,46
ocrbench,Qwen/Qwen3-VL-8B-Instruct,ocr0566,425,0.25,0.30853464851260726,0.20938956714761375,0.24705882352941178,0.24485329946037382,0.08897428103955463,0.734375,0.5,0.18928679812587976,34,50
ocrbench,Qwen/Qwen3-VL-8B-Instruct,ocr0301,160,0.25,0.35026661197703035,0.23663522012578617,0.2903225806451613,0.3188764583451716,0.16838950983417983,0.8636363636363636,0.36363636363636365,0.05984142504629167,20,32
ocrbench,Qwen/Qwen3-VL-8B-Instruct,ocr0045,68,0.25,-0.04103523304195137,-0.01668129938542581,0.13333333333333333,0.31959962329039204,0.1833129318860861,0.8461538461538461,0.46153846153846156,0.6101740485003373,8,34
ocrbench,Qwen/Qwen3-VL-8B-Instruct,ocr0539,3869,0.25,0.27143409734363394,0.17752752453429993,0.30060524546065903,0.4481016945973387,0.008593328401703869,0.7557692307692307,0.13846153846153847,0.27793642707458077,146,106
ocrbench,Qwen/Qwen3-VL-8B-Instruct,ocr0562,1100,0.25,0.30265241309212,0.19983638004505144,0.2702078521939954,0.23118762503587345,0.03126797050788786,0.8860759493670886,0.34177215189873417,0.33129630446473673,88,50
ocrbench,Qwen/Qwen3-VL-8B-Instruct,ocr0339,192,0.25,0.3727179014187668,0.25294502617801046,0.24675324675324675,0.25885437204149264,0.23498965615149717,0.5517241379310345,0.4827586206896552,0.16374156900691378,24,32
ocrbench,Qwen/Qwen3-VL-8B-Instruct,ocr0595,425,0.25,0.2677348434343237,0.18562811114664934,0.2254335260115607,0.1996440353191722,0.08533052521246944,0.8507462686567164,0.4626865671641791,0.17015283708643875,34,50
ocrbench,Qwen/Qwen3-VL-8B-Instruct,ocr0781,744,0.25,0.20355538901436135,0.1352045615710792,0.17721518987341772,0.9180510923266411,0.28986954698674916,0.9692307692307692,0.36153846153846153,0.4756701493118285,62,48
ocrbench,Qwen/Qwen3-VL-8B-Instruct,ocr0168,68,0.25,0.41802496469061334,0.28270412642669,0.21428571428571427,0.23318638737228783,0.18538612018561584,0.7272727272727273,0.7272727272727273,0.0925648685279178,8,34
ocrbench,Qwen/Qwen3-VL-8B-Instruct,ocr0538,3657,0.25,0.05182102490706731,0.03532986935667157,0.15331230283911673,0.823775647780629,0.007510417334323841,0.9046199701937406,0.03576751117734724,0.49800326250406923,138,106
ocrbench,Qwen/Qwen3-VL-8B-Instruct,ocr0321,64,0.25,0.19308608058608057,0.1359126984126984,0.28,0.2966856070690685,0.22937107438014614,0.5555555555555556,0.3333333333333333,0.2624509242384911,16,16
ocrbench,Qwen/Qwen3-VL-8B-Instruct,ocr0930,72,0.25,0.46089780693292176,0.3200312989045383,0.2857142857142857,0.12739771981723608,0.12938057594001293,0.7,0.7,-0.03572577894203971,12,24
ocrbench,Qwen/Qwen3-VL-8B-Instruct,ocr0985,70,0.25,0.34483422272767034,0.2505175983436853,0.2857142857142857,0.06495230132713914,0.06630884381011129,0.3,0.5,-0.006039335049537797,14,20
ocrbench,Qwen/Qwen3-VL-8B-Instruct,ocr0330,64,0.25,0.23067765567765564,0.16468253968253968,0.3333333333333333,0.35379434838250745,0.3383855037391186,0.625,0.625,0.14563986282876754,16,16
ocrbench,Qwen/Qwen3-VL-8B-Instruct,ocr0513,3640,0.25,0.015539980280254535,0.010483047770727356,0.10571081409477522,0.4785087929390695,0.2573550655557167,0.9497282608695652,0.4279891304347826,0.4685735974400914,140,104
ocrbench,Qwen/Qwen3-VL-8B-Instruct,ocr0623,425,0.25,0.28366681777680514,0.19480577136514984,0.2694610778443114,0.39545957951760685,0.15316516622284534,0.9016393442622951,0.4426229508196721,0.25081637174762805,34,50
ocrbench,Qwen/Qwen3-VL-8B-Instruct,ocr0069,78,0.25,-0.2676437486564069,-0.17815517815517817,0.05263157894736842,0.33789439406245947,0.14067277291582692,0.7777777777777778,0.16666666666666666,0.5234063302891604,12,26
ocrbench,Qwen/Qwen3-VL-8B-Instruct,ocr0815,744,0.25,0.16062567946718992,0.10266429326039453,0.13414634146341464,0.8535246620295753,0.2018847111478696,0.971830985915493,0.38028169014084506,0.5159818257135502,62,48
ocrbench,Qwen/Qwen3-VL-8B-Instruct,ocr0945,70,0.25,0.449741929839909,0.3076604554865425,0.3333333333333333,0.09205963503983286,0.07505254902773434,0.7777777777777778,0.6666666666666666,0.04569638621520813,14,20
ocrbench,Qwen/Qwen3-VL-8B-Instruct,ocr0769,775,0.25,0.09209052263065765,0.057404351087771956,0.08379888268156424,0.95724737698712,0.3217459788890953,0.9878048780487805,0.34146341463414637,0.5148850301700939,62,50
ocrbench,Qwen/Qwen3-VL-8B-Instruct,ocr0730,946,0.25,0.1180672278287759,0.07887289282638121,0.13734939759036144,0.8853159984716802,0.14016230462592774,0.9888268156424581,0.41899441340782123,0.5964956974588104,86,44
ocrbench,Qwen/Qwen3-VL-8B-Instruct,ocr0743,16264,0.25,0.3333873005488303,0.22420112235264053,0.34836677167965513,0.2812223555804525,6.57434809275218e-07,0.5699745547073791,0.0015267175572519084,0.29678068870640584,304,214
ocrbench,Qwen/Qwen3-VL-8B-Instruct,ocr0885,96,0.25,0.002957135105805752,0.0026315789473684206,0.2,0.35131678357720375,0.13407896040007472,1.0,0.125,0.6217053245129406,16,24
ocrbench,Qwen/Qwen3-VL-8B-Instruct,ocr0479,192,0.25,0.041116770203184765,0.0412303664921466,0.09090909090909091,0.40177981443703176,0.11799166677519679,1.0,0.55,0.440332649808918,24,32
ocrbench,Qwen/Qwen3-VL-8B-Instruct,ocr0175,75,0.25,0.1782645803698435,0.13441441441441443,0.11764705882352941,0.2744860945890347,0.2610650408702592,0.6666666666666666,0.8,0.2350639618129633,10,30
ocrbench,Qwen/Qwen3-VL-8B-Instruct,ocr0484,144,0.25,-0.25926372478096615,-0.16822066822066822,0.058823529411764705,0.7004607731942087,0.3097899043932557,0.9375,0.1875,0.6871832393517129,32,18
ocrbench,Qwen/Qwen3-VL-8B-Instruct,ocr0804,744,0.25,0.23818376143712103,0.15610211435766078,0.2236842105263158,0.6753436654166839,0.1477453075364746,0.9745762711864406,0.4322033898305085,0.3065530180388905,62,48
ocrbench,Qwen/Qwen3-VL-8B-Instruct,ocr0139,102,0.25,0.07653335293552199,0.0502814987381091,0.13043478260869565,0.43772694543004037,0.3330560438334942,0.6,0.3,0.4659694028761278,12,34
ocrbench,Qwen/Qwen3-VL-8B-Instruct,ocr0356,608,0.25,0.3329068246654812,0.22718503424954478,0.24081632653061225,0.24390494554073258,0.16231774216297493,0.7096774193548387,0.5376344086021505,0.1644549792146796,38,64
ocrbench,Qwen/Qwen3-VL-8B-Instruct,ocr0029,70,0.25,0.09225789519727058,0.06832298136645963,0.16129032258064516,0.13334174970021614,0.06619423140700047,0.8461538461538461,0.46153846153846156,0.5685406622010791,10,28
ocrbench,Qwen/Qwen3-VL-8B-Instruct,ocr0995,84,0.25,0.49944315075427764,0.35226620768789446,0.23529411764705882,0.18172876479534003,0.13682318478822708,0.8461538461538461,0.6153846153846154,0.17469908040160864,8,42
ocrbench,Qwen/Qwen3-VL-8B-Instruct,ocr0055,70,0.25,-0.12203656722946374,-0.08819875776397516,0.125,0.16200612731544034,0.07385582982429437,0.7142857142857143,0.21428571428571427,0.5467367905470341,10,28
ocrbench,Qwen/Qwen3-VL-8B-Instruct,ocr0668,1140,0.25,-0.08485952442115453,-0.05151341052232726,0.05555555555555555,0.6636235035517637,0.2272014591609132,0.9921568627450981,0.4666666666666667,0.5573413172974248,120,38
ocrbench,Qwen/Qwen3-VL-8B-Instruct,ocr0398,672,0.25,0.5153664205377844,0.3574089844581648,0.38271604938271603,0.18905638332168262,0.0873836817095677,0.6933333333333334,0.6,0.11398527470122542,42,64
ocrbench,Qwen/Qwen3-VL-8B-Instruct,ocr0855,121,0.25,0.047859368649234506,0.032506887052341595,0.17647058823529413,0.8360860574813116,0.4823858156090691,0.9047619047619048,0.2857142857142857,0.5965094134403558,22,22
ocrbench,Qwen/Qwen3-VL-8B-Instruct,ocr0628,513,0.25,0.04941490246774524,0.0407833820662768,0.14285714285714285,0.3886063455114102,0.053578103535983246,0.90625,0.5208333333333334,0.40539251247245633,38,54
ocrbench,Qwen/Qwen3-VL-8B-Instruct,ocr0422,216,0.25,-0.07964372045392298,-0.05374677002583979,0.1134020618556701,0.65284003757027,0.1811227412071339,0.9302325581395349,0.18604651162790697,0.7275507292439157,24,36
ocrbench,Qwen/Qwen3-VL-8B-Instruct,ocr0273,72,0.25,0.12936523249083545,0.0868544600938967,0.2413793103448276,0.11519465284337374,0.04590022582984106,0.7272727272727273,0.2727272727272727,0.4437291506764863,12,24
ocrbench,Qwen/Qwen3-VL-8B-Instruct,ocr0123,210,0.25,0.23322653898857443,0.16126680337206653,0.16853932584269662,0.41924438166834815,0.18211720320018562,0.7567567567567568,0.4594594594594595,0.4428516080201703,20,42
ocrbench,Qwen/Qwen3-VL-8B-Instruct,ocr0352,768,0.25,0.22796865542713665,0.15426037592351152,0.15315315315315314,0.2867833233953632,0.22783014528347667,0.8865248226950354,0.6950354609929078,0.17762893894835494,48,64
ocrbench,Qwen/Qwen3-VL-8B-Instruct,ocr0270,70,0.25,0.0851893972530837,0.05093167701863355,0.2,0.4743612261566644,0.11221460796271761,0.8333333333333334,0.3333333333333333,0.5837957354418974,10,28
ocrbench,Qwen/Qwen3-VL-8B-Instruct,ocr0850,72,0.25,-0.023442021994983606,-0.02816901408450704,0.125,0.6392184112753186,0.3731839060783386,0.9285714285714286,0.42857142857142855,0.4721357940119453,16,18
ocrbench,Qwen/Qwen3-VL-8B-Instruct,ocr0329,176,0.25,0.32842615012106535,0.23077922077922078,0.23943661971830985,0.3339642311825796,0.19957975932845362,0.7037037037037037,0.5555555555555556,0.20900794035730091,32,22
ocrbench,Qwen/Qwen3-VL-8B-Instruct,ocr0653,13207,0.25,0.2487174676921945,0.1773697700633788,0.17634485215532597,0.5015219240087774,0.09850103121277305,0.9701557093425606,0.6211072664359861,0.4409952400572564,562,94
ocrbench,Qwen/Qwen3-VL-8B-Instruct,ocr0087,70,0.25,-0.08672907007260956,-0.051759834368530024,0.09090909090909091,0.3883272122281293,0.2682077530771494,0.8,0.4666666666666667,0.4572253685980965,10,28
ocrbench,Qwen/Qwen3-VL-8B-Instruct,ocr0116,68,0.25,-0.021681871970072906,-0.008779631255487268,0.1724137931034483,0.3017113736520211,0.35920449493763346,0.4166666666666667,0.4166666666666667,0.37795892564061523,8,34
ocrbench,Qwen/Qwen3-VL-8B-Instruct,ocr0957,72,0.25,0.22393723069007657,0.15492957746478872,0.2,0.26805227001508075,0.10992717587699492,0.8333333333333334,0.3333333333333333,0.4002444676497198,8,36
ocrbench,Qwen/Qwen3-VL-8B-Instruct,ocr0044,65,0.25,0.06647727272727273,0.04134615384615385,0.23076923076923078,0.040779166761785744,0.033084343373775485,0.7,0.3,0.3850391471353877,10,26
ocrbench,Qwen/Qwen3-VL-8B-Instruct,ocr0372,672,0.25,-0.05493460939469757,-0.02654176424668228,0.15463917525773196,0.5271029549279833,0.5601218150156301,0.5528455284552846,0.6341463414634146,-0.05395101903336814,64,42
ocrbench,Qwen/Qwen3-VL-8B-Instruct,ocr0638,513,0.25,0.03703404455935559,0.028021442495126708,0.0847457627118644,0.5271234440582769,0.10910980325681724,0.9814814814814815,0.3888888888888889,0.43687894170771446,38,54
ocrbench,Qwen/Qwen3-VL-8B-Instruct,ocr0918,80,0.25,0.5078527894983592,0.3354430379746835,0.14285714285714285,0.3233962339659532,0.22976505383849144,0.8666666666666667,0.6666666666666666,0.30816773566677136,8,40
ocrbench,Qwen/Qwen3-VL-8B-Instruct,ocr0634,513,0.25,0.104001784109268,0.0733735380116959,0.14798206278026907,0.3251259449760638,0.0663863643342139,0.8526315789473684,0.4842105263157895,0.39450458750546896,38,54
ocrbench,Qwen/Qwen3-VL-8B-Instruct,ocr0114,144,0.25,0.05213809179326421,0.03166278166278166,0.14285714285714285,0.13530695776420612,0.07256206442360524,0.8148148148148148,0.4444444444444444,0.4865027822156055,16,36
ocrbench,Qwen/Qwen3-VL-8B-Instruct,ocr0471,192,0.25,-0.008494289667145919,-0.0002181500872600349,0.09090909090909091,0.5920370629057288,0.31694975779391826,0.7,0.5,0.24931775379049528,32,24
ocrbench,Qwen/Qwen3-VL-8B-Instruct,ocr0390,768,0.25,0.4607573744581001,0.3175725228161669,0.328719723183391,0.14706012822889253,0.06562660482817705,0.7731958762886598,0.5876288659793815,0.17316699644948952,48,64
ocrbench,Qwen/Qwen3-VL-8B-Instruct,ocr0977,72,0.25,0.7226188179304136,0.513302034428795,0.2413793103448276,0.22102301246063275,0.11847161298448389,0.8181818181818182,0.6363636363636364,0.10996542829518387,8,36
ocrbench,Qwen/Qwen3-VL-8B-Instruct,ocr0283,72,0.25,0.013730786545758574,-0.005477308294209702,0.2413793103448276,0.5889544161883268,0.15746298521249133,1.0,0.2727272727272727,0.5454000289798236,12,24
ocrbench,Qwen/Qwen3-VL-8B-Instruct,ocr0999,92,0.25,0.5029977035587134,0.3440038222646918,0.35294117647058826,0.18169854767620564,0.1226319670677185,0.7272727272727273,0.7272727272727273,0.15833487710667185,8,46
ocrbench,Qwen/Qwen3-VL-8B-Instruct,ocr0798,744,0.25,0.15770755934443897,0.10264638896091445,0.1411042944785276,0.8518320771200316,0.0644830811596226,1.0,0.4,0.43358285792631557,62,48
ocrbench,Qwen/Qwen3-VL-8B-Instruct,ocr0217,80,0.25,0.2888654477262072,0.2,0.2903225806451613,0.22972198033874686,0.22511092099276456,0.45454545454545453,0.5454545454545454,0.1456171863260295,10,32
ocrbench,Qwen/Qwen3-VL-8B-Instruct,ocr0861,99,0.25,0.06944959802102658,0.04267161410018553,0.16279069767441862,1.131779607799318,0.4664200382928054,1.0,0.16666666666666666,0.5736800013913438,18,22
ocrbench,Qwen/Qwen3-VL-8B-Instruct,ocr0933,68,0.25,0.6152612894606252,0.4205443371378402,0.36,0.18573348643258214,0.14189811330288649,0.875,0.625,0.2608214365819496,8,34
ocrbench,Qwen/Qwen3-VL-8B-Instruct,ocr0368,672,0.25,0.5017053897068756,0.3511372507274147,0.3176470588235294,0.25142479970537385,0.21502253451737866,0.5172413793103449,0.5517241379310345,0.016367061168313206,42,64
ocrbench,Qwen/Qwen3-VL-8B-Instruct,ocr0303,192,0.25,0.31450065105932784,0.2181500872600349,0.23076923076923078,0.4322822963198026,0.3309226540227731,0.6666666666666666,0.43333333333333335,0.12357403506971776,24,32
ocrbench,Qwen/Qwen3-VL-8B-Instruct,ocr0052,72,0.25,0.41665058846228065,0.29264475743348983,0.38461538461538464,0.18889140523970127,0.1524652736261487,0.75,0.875,0.0706459811008065,12,24
ocrbench,Qwen/Qwen3-VL-8B-Instruct,ocr0660,931,0.25,0.05120205430409156,0.03320051280274419,0.09389671361502347,0.5276493739549051,0.16161952327594276,0.9896373056994818,0.48186528497409326,0.5028814342153377,98,38
ocrbench,Qwen/Qwen3-VL-8B-Instruct,ocr0437,400,0.25,0.301684135525847,0.20280701754385966,0.28205128205128205,0.17812817011560714,0.1151341900029885,0.5357142857142857,0.42857142857142855,0.10778379902177096,40,40
ocrbench,Qwen/Qwen3-VL-8B-Instruct,ocr0402,160,0.25,-0.012375483417320988,0.009276729559748427,0.1267605633802817,0.5865763197502782,0.37800318771792996,0.7419354838709677,0.5161290322580645,0.32995509891674984,20,32
ocrbench,Qwen/Qwen3-VL-8B-Instruct,ocr0826,744,0.25,0.04275298615904755,0.02411033444767653,0.0782608695652174,0.8760882633849509,0.1425949670551945,0.9937106918238994,0.4025157232704403,0.5474306301151858,62,48
ocrbench,Qwen/Qwen3-VL-8B-Instruct,ocr0450,176,0.25,-0.11556680607528065,-0.07987012987012986,0.1,0.606659585758785,0.38726616247893414,0.8055555555555556,0.4166666666666667,0.49093576641474607,22,32
ocrbench,Qwen/Qwen3-VL-8B-Instruct,ocr0739,1150,0.25,0.09364893084327804,0.061317591856813104,0.11411992263056092,0.9855101876383786,0.09244988035258388,0.9956331877729258,0.4104803493449782,0.5877318673817548,100,46
ocrbench,Qwen/Qwen3-VL-8B-Instruct,ocr0646,425,0.25,0.24909552766097137,0.16628190899001108,0.18435754189944134,0.33163085398431674,0.12748886451638647,0.8493150684931506,0.6575342465753424,0.21102317674952364,34,50
ocrbench,Qwen/Qwen3-VL-8B-Instruct,ocr0698,361,0.25,0.1416257275931906,0.09913819636811326,0.19205298013245034,0.5643725654560706,0.22621625910807003,0.9016393442622951,0.4918032786885246,0.2905109022865437,38,38
ocrbench,Qwen/Qwen3-VL-8B-Instruct,ocr0473,256,0.25,0.014941920347905696,0.02530637254901961,0.16363636363636364,0.3165224553682176,0.2911828659150911,0.8260869565217391,0.6521739130434783,0.25302761428061976,32,32
ocrbench,Qwen/Qwen3-VL-8B-Instruct,ocr0094,66,0.25,0.01054169710886129,0.016317016317016316,0.14285714285714285,0.13274864184980592,0.10437666190167268,0.8333333333333334,0.5,0.2106241346182586,12,22
ocrbench,Qwen/Qwen3-VL-8B-Instruct,ocr0671,3565,0.25,0.030045132205774407,0.02494620704050069,0.08460133901399879,0.7209877450095229,0.19149817955925916,0.9707446808510638,0.511968085106383,0.4892696134292934,230,62
ocrbench,Qwen/Qwen3-VL-8B-Instruct,ocr0113,78,0.25,0.14381820710934634,0.08891108891108891,0.25,0.2986816152309378,0.24065743014216423,0.6666666666666666,0.4166666666666667,0.4245421507143598,12,26
ocrbench,Qwen/Qwen3-VL-8B-Instruct,ocr0263,78,0.25,0.19217491369390102,0.13886113886113888,0.21212121212121213,0.24808705805872494,0.0827063200995326,0.8461538461538461,0.3076923076923077,0.5567963624283788,12,26
ocrbench,Qwen/Qwen3-VL-8B-Instruct,ocr0021,80,0.25,0.25752461322081577,0.17088607594936708,0.25,0.051748642387489475,0.07018182318036754,0.3333333333333333,0.6666666666666666,-0.0684024207849446,10,32
ocrbench,Qwen/Qwen3-VL-8B-Instruct,ocr0090,75,0.25,-0.08597439544807965,-0.04864864864864865,0.05555555555555555,0.4703078971189611,0.2964436749325079,0.7647058823529411,0.47058823529411764,0.4224394341466063,10,30
ocrbench,Qwen/Qwen3-VL-8B-Instruct,ocr0745,1428,0.25,0.3263256979935634,0.21976243464010833,0.23529411764705882,0.32777176974383415,0.08698995809841951,0.9909502262443439,0.39819004524886875,0.4260090963685944,102,56
ocrbench,Qwen/Qwen3-VL-8B-Instruct,ocr0511,4032,0.25,0.5099289121520937,0.3591316034238441,0.3677069199457259,0.22568575208087335,0.11190521937711044,0.8562231759656652,0.5236051502145923,0.29554443490232446,112,144
ocrbench,Qwen/Qwen3-VL-8B-Instruct,ocr0108,108,0.25,0.2361789895872036,0.1588785046728972,0.17391304347826086,0.34035999916101756,0.4213447908037587,0.5263157894736842,0.5789473684210527,0.05965947032064248,12,36
ocrbench,Qwen/Qwen3-VL-8B-Instruct,ocr0706,990,0.25,0.05306650685597099,0.0340084362329054,0.1146067415730337,0.9223295838813189,0.1753807684606376,0.9796954314720813,0.4263959390862944,0.5459483384854981,90,44
ocrbench,Qwen/Qwen3-VL-8B-Instruct,ocr0304,64,0.25,0.1872252747252747,0.13194444444444442,0.14285714285714285,0.37671053782105446,0.2628555403401454,0.5833333333333334,0.5833333333333334,0.18076470582052048,16,16
ocrbench,Qwen/Qwen3-VL-8B-Instruct,ocr0783,744,0.25,0.20355538901436135,0.1352045615710792,0.17721518987341772,0.9180510923266411,0.28986954698674916,0.9692307692307692,0.36153846153846153,0.4756701493118285,62,48
